names,01 IT-ET Glut,02 NP-CT-L6b Glut,03 OB-CR Glut,04 DG-IMN Glut,05 OB-IMN GABA,06 CTX-CGE GABA,07 CTX-MGE GABA,08 CNU-MGE GABA,09 CNU-LGE GABA,10 LSX GABA,11 CNU-HYa GABA,12 HY GABA,13 CNU-HYa Glut,14 HY Glut,15 HY Gnrh1 Glut,16 HY MM Glut,17 MH-LH Glut,18 TH Glut,19 MB Glut,20 MB GABA,21 MB Dopa,22 MB-HB Sero,23 P Glut,24 MY Glut,25 Pineal Glut,26 P GABA,27 MY GABA,28 CB GABA,29 CB Glut,30 Astro-Epen,31 OPC-Oligo,32 OEC,33 Vascular,34 Immune
2010300C02Rik,2.2570288,0.4239249,-1.8095378,2.6757853,0.82012665,-2.2867458,-2.2872803,-1.9516892,2.1415315,2.253514,0.010793784,-1.2720793,-0.19661804,-1.1357785,-2.638934,-3.3506813,-3.7145123,-2.7312558,-1.0999402,-2.0573666,-2.0738316,-0.76167846,-1.5295002,-1.4083824,-3.596525,-1.9000633,-1.9644523,-6.180749,-1.080891,-3.7034771,-4.2044134,-3.8960595,-3.8497264,-3.0983438
Acsbg1,-6.1364274,-5.893789,-3.5930734,-5.329592,-4.2003593,-4.3894725,-5.743032,-5.1426287,-5.089912,-4.0473375,-5.052505,-5.1120815,-5.691674,-5.0283813,-4.67306,-6.318067,-5.5839148,-5.9938254,-5.0257535,-4.8367887,-5.1719174,-3.9228075,-4.686464,-4.9702435,-3.6091344,-3.22869,-4.6044493,-5.7381763,-3.5843747,8.344461,-1.2692313,1.1474614,-1.952361,-1.8017577
Acta2,-4.7792096,-4.205915,-3.0771875,-4.4215584,-4.0404325,-4.76624,-4.020317,-3.4771392,-4.1594286,-2.3148177,-3.6830118,-4.2602406,-3.61552,-4.455683,-23.697512,-4.2586465,-4.4802628,-4.962779,-3.7086139,-3.6678233,-5.1189666,-2.5825171,-3.2774286,-3.8282337,-23.697624,-3.5418274,-3.4320483,-5.196888,-4.240598,-0.6198725,-2.2025332,-5.1368203,7.7242417,-0.9937305
Acvrl1,-3.7806308,-1.1139152,-4.271172,-5.669243,-5.6495023,-5.9211035,-5.7875285,-4.9804716,1.0405506,-1.666424,-4.610734,-5.659084,-3.7529316,-5.8179927,-25.191349,-8.409904,-7.113961,-4.675753,-6.359757,-6.660806,-5.9951787,-3.2909586,-5.6697264,-6.3869805,-2.6999583,-4.8395724,-6.5819564,-7.8424916,-5.9040694,-2.916755,-4.1056423,-3.9517,7.487043,1.2388103
Adamts2,-0.34067124,-2.7079597,-2.6133027,-4.40604,-5.5465136,-3.588903,-3.411275,-2.9990654,-1.4986669,-2.6529438,-0.90409327,-1.4513265,1.3856951,1.8309795,-2.8258288,0.88518924,-1.3860189,0.53764486,0.39550078,-1.5337518,0.78506595,0.90135455,1.780896,1.0452485,-3.3196268,-2.1030695,-1.4498106,3.5786362,-1.5025511,-0.99109155,1.9339528,-4.9140263,-1.2901177,-4.363787
Adamtsl1,-0.99338615,-0.011404556,-3.4397137,-3.2990522,-0.062289238,-0.255391,-1.7542764,-0.25550327,-1.0181417,1.6052037,-0.45815396,-1.1608676,-1.1061186,-0.22003765,-4.1588097,3.2754529,-3.6013956,-1.2667377,0.16768341,0.1507964,2.15972,0.1312812,0.050943617,0.64937717,-2.4705486,-0.5488082,-0.48128465,0.11626733,-1.4474654,-2.997961,2.8270104,1.5600066,-1.0119232,-3.4370463
Adgrl4,-5.8226514,-5.6935916,-4.88795,-5.13113,-2.6057496,-5.549798,-5.5711274,-5.404115,-5.02737,-4.163423,-5.3945355,-4.357233,-5.066538,-5.302266,-26.025192,-5.8937716,-5.5145597,-5.6667595,-5.020868,-3.229754,-2.4820778,-3.8801181,-3.8816786,-3.6888797,-26.025307,-3.9880536,-4.72782,-6.182016,-3.9493852,-2.5963793,-3.6468985,-4.1396832,10.325741,-2.230851
Aldh1a2,-3.1112065,-0.91092324,-2.218301,-3.7737825,-1.1114855,-3.9154067,-2.7110245,-0.66841733,-2.67778,-1.4800917,-2.5546987,-1.6601903,-1.2588184,-1.428691,-21.948666,-3.4357958,-3.5804522,-0.046280645,-1.2357168,-2.8581817,-2.6583602,-1.4556309,0.4505512,2.6242719,-21.948778,-1.873954,-1.1833507,-2.8290832,-0.9975149,-0.7021428,-1.5707558,-0.87071,5.603205,0.14198703
Angpt1,-0.22724237,-1.4767393,2.0537891,-1.9489434,-1.8392782,0.6378561,-2.9051876,-1.9740877,-2.7906272,-0.809765,-0.7452183,-0.023956366,0.39007872,1.0519227,3.1860392,0.80451626,-1.4970267,0.23606458,0.05845204,-0.42229697,-2.1628106,-1.6413085,-0.07734471,-0.5769937,-3.2190158,-0.89599466,-0.85102403,-0.3202167,1.473066,2.0471392,-0.7138045,-5.805291,0.39919913,-4.295995
Ano1,-5.865188,-5.4816566,-1.6080863,-5.450636,-3.3697643,-2.7260194,-0.91351706,0.5339767,-5.2083116,5.5435114,0.27513024,-0.8476147,-2.2995968,-0.9994497,0.3239395,-5.0765553,5.761695,-3.99961,-1.9814953,-0.736316,-0.20105426,-3.0072615,-2.0767715,0.19156355,-1.437089,-1.3766885,0.17940757,-5.526609,-4.599049,-0.84126097,-2.127619,-3.1471078,5.3276906,-3.4091718
Aqp4,-5.46271,-6.435822,-3.7941933,-4.1506286,-4.864067,-6.5780287,-6.3357825,-5.4747643,-4.2179036,-4.0338554,-5.5076017,-5.6098704,-5.050579,-6.0643997,-6.0408034,-6.4958706,-5.6359873,-5.0585685,-4.537949,-5.0937037,-4.8279405,-4.5608277,-4.43703,-4.760372,-3.9949436,-5.0718584,-4.8562913,-4.7947383,-3.1599407,8.1831665,-1.1975425,-3.3448408,-1.9146602,-1.6760776
Arc,2.4272988,1.4535162,-3.565291,-3.0524561,-0.1770954,-3.0101614,-2.703446,-4.328321,-0.5582924,-0.28686336,-2.5816212,-2.7011573,-2.0322454,-3.6035726,0.7636906,-2.504643,-2.812674,-5.639887,-3.4514115,-4.686674,-4.490349,-4.1160026,-2.4711905,-3.4751585,-4.207198,-4.706123,-3.9867861,-7.4195123,-3.7988307,-4.174049,-0.05419793,-3.6881201,-3.7051675,-3.12212
Arhgap12,-1.7094196,-1.5753765,0.0672378,0.47316545,-0.2357482,0.1370163,0.35602134,0.9060592,-0.28017208,0.021142645,0.65083015,0.84257466,0.372529,0.79649085,1.0458987,0.44289184,-0.22142416,1.0710871,0.6129042,0.6948959,0.6663892,1.6306366,0.8373709,0.7149305,0.653061,0.76234233,1.0345405,0.551753,-0.12885882,1.0417886,-0.035136458,0.6036488,-0.0025081425,2.0157492
Arhgap25,-0.402407,3.495546,-4.432815,-4.1927376,-6.2793508,-4.2450204,-4.1727195,-5.528769,-4.4128084,0.82065415,-5.4706335,-6.266366,-4.9951797,-6.1553283,-26.11932,-6.952328,-7.72533,-6.674443,-6.2369986,-6.492954,-6.0756364,-5.611339,-5.913656,-5.8442106,-4.187673,-6.347899,-6.3481817,-6.1250176,-6.7774105,-4.3783875,-5.2310596,-6.01796,-0.016993912,4.639446
Arhgap6,-0.7240892,-2.663959,-2.096693,-2.1983097,-1.2036237,-0.2767391,0.7467517,-0.62447006,2.1100287,4.013359,2.7601135,2.121129,1.6011266,1.1734338,-3.1001308,-1.1318002,-3.05895,-2.2383606,0.5278936,0.7326743,2.4194732,-0.377629,0.49496618,1.874819,-2.9635398,-0.84039897,0.3525613,-2.615886,-3.4616926,-2.0218282,-2.2893753,2.433538,2.4813733,-2.5610604
Arhgef28,-0.7076283,-0.52804494,-2.4736938,0.5456004,-5.397352,0.07325649,-2.1220186,-1.4806384,-2.0822313,-0.3160704,0.03108919,-0.36952928,0.68227184,0.09932951,-3.40581,-2.6257985,-0.93782085,-0.72602284,-0.4235871,-1.3358444,0.48819208,0.07388071,-0.10217365,-0.11864968,-1.153472,-0.16755429,-0.30707872,-4.1311755,-5.82018,0.61420906,2.5225608,-3.4075341,-0.58342665,-4.4714856
Bcl11b,-0.012811626,2.766433,-0.08750109,3.2786162,1.3700421,0.6252445,0.9406581,1.9382669,3.2409973,0.28312543,0.25102478,-2.1381369,-0.55948734,-1.5062603,-4.858516,-6.000685,-2.2078695,-3.584914,-0.08986389,-1.3924656,-3.1098907,0.1033195,-0.67037106,-0.9463449,-5.3984942,-2.3598654,-0.7594108,-7.474363,-2.6965132,-4.1003165,-3.4827304,-3.9220333,-3.9417574,-3.204162
Bdnf,2.8216543,-0.8275757,-1.9439046,1.361136,-1.8406379,-3.809812,-2.9683304,-4.358645,-5.8765206,-3.665125,-3.453916,-3.5157535,0.6543642,0.28690913,-6.830956,2.3698678,-2.2856967,0.10760973,0.71266437,-1.3177843,0.8150572,-1.6587096,0.7339721,0.36528513,-3.1708784,-1.1202581,-2.465112,-0.28424254,0.17603233,-2.8736653,-4.699698,-5.5234723,-4.5515704,-4.144885
Bhlhe22,2.146334,-1.6358848,1.3927026,3.3881047,-7.043993,-2.5234694,-4.098064,-3.459498,-6.6115613,-3.392039,-3.8448718,-2.9775405,-1.6095762,-1.7058302,-27.482187,-7.6238546,-4.1656785,-1.3060884,-1.681949,-2.7683408,-4.5325313,-2.679355,-0.6378031,-2.1694229,-7.189108,-0.44847664,0.6229934,4.2012577,0.29132926,-3.962997,-2.9272325,-1.3626873,-1.6192561,-3.4666765
Bhlhe40,1.7048986,-1.6150064,-1.1644317,-0.35196438,-1.3018372,-2.2916095,-2.3340878,-1.7195928,-0.91466236,-0.18103637,-0.2655122,-0.7535925,0.6897348,-0.63191676,-0.47196272,-0.02711087,-1.085358,1.1479162,-0.17554194,-0.7819625,-1.7674326,-1.2605045,-0.49317864,-0.08337296,-2.403149,-1.5157039,-1.1250762,0.3499732,-1.245417,0.65293,-1.8121022,-0.6556355,0.038243007,-2.9710178
Btbd11,-3.6843553,-4.6539774,-0.050984524,-4.7181897,-2.7289534,2.2742023,2.6264355,1.4385362,-2.4908707,0.18677744,1.5977619,2.0726168,1.2912201,2.0196524,-2.0131652,2.2428985,2.1143866,2.3813517,2.1846998,1.940858,1.4910272,2.740305,2.155365,2.013554,-1.6953303,1.9309056,1.9738113,3.2416732,-0.48820218,-1.9411623,-1.9455174,1.9806432,-1.8531247,-3.636694
Cabp7,0.05984966,1.0911243,-0.011851908,2.3452342,-4.3584285,-3.8287125,-0.9454334,0.5467198,-0.6149904,-2.062262,-0.5637131,-0.03526316,0.40519357,0.44081074,-5.573503,-4.292035,0.06104322,-3.014622,2.0043085,0.8052212,-0.88540953,-0.7609098,2.7359598,1.9933358,-2.5794423,0.58218336,2.9577222,-1.4289192,-2.618793,-1.6867096,-1.7600223,-6.018936,-1.9103354,-1.6965086
Cacna2d2,-2.986053,-2.1103728,3.4290462,-5.6949706,-1.7669615,-2.3545065,2.2465181,2.5324104,1.0145493,3.7007494,2.1854181,2.4413378,1.409018,1.5629379,3.0023181,2.502385,2.594156,0.42616138,1.8392291,2.4274845,1.9605472,2.076605,2.0860689,2.3000813,1.8892305,2.4557345,2.8431761,1.2330822,0.21651839,0.17640315,-2.1724937,-5.0300536,-3.9984574,-3.9253838
Calb1,1.0916705,-3.6235645,-2.3824818,2.5723627,-4.874667,-1.8949083,2.25107,-0.06471069,1.0943456,0.2738174,1.3728195,0.42614684,0.8925818,1.8114953,0.5467773,3.5343447,0.0018592868,2.2800815,0.264151,-2.2101007,2.5427964,-0.32066,-0.32621506,0.528231,-1.7738208,-1.9209418,-1.5328552,-4.319061,-3.1588466,-3.1766331,-3.7205565,-5.9808655,-3.4967175,-2.9296348
Calb2,-3.5677166,-5.1968513,2.335238,-3.5167944,1.1317925,1.1721627,-1.3587584,0.42779124,-3.97824,-0.52697957,1.1736567,1.0704478,2.5205636,2.6246834,-1.9152575,-1.1537023,2.4482532,2.492037,2.426762,1.0604105,3.170001,1.3277543,2.6296573,1.3408546,-0.63516796,1.8408368,0.14407896,-2.3578715,3.6242177,-2.6854,-1.6744223,-1.2584711,-3.071788,-3.084448
Car4,0.9231728,-2.8737183,-4.265047,-0.086280234,-2.5170054,1.0659069,-2.3683515,-2.920221,-4.6789265,-2.46714,-2.556025,-4.73269,-2.682101,-4.606809,-27.193878,-5.7150216,-3.085809,0.82057154,-5.419836,-5.1392317,-3.6483483,-6.1425576,-3.9909356,-5.6233473,-3.3171222,-5.349615,-5.2953243,-3.7716048,2.8082056,-3.872699,-4.4576516,-4.9402885,4.0064025,-3.3181057
Carmn,-4.0503173,-3.2161186,-2.4801605,-6.753691,-6.2763286,-6.5540476,-6.1467533,-6.406663,-7.05713,-2.8282776,-5.438422,-5.1082277,-3.8871908,-4.062663,-23.82204,-6.6336956,-9.335684,-6.4241495,-6.0736895,-5.7563105,-3.1231792,-5.7177696,-2.4876513,-4.4386888,-2.525795,-6.272709,-5.9036555,-23.840387,-7.2339754,-3.5085652,-6.0144043,-0.5822781,9.353341,-4.816781
Cbln1,-0.86095107,-2.2866187,0.4906684,-6.7291827,-4.864246,-5.3494434,-5.0809717,-3.330361,-3.29625,-2.4861503,-1.5010861,-1.210855,0.022925274,2.1052506,-1.0205908,2.5013597,1.8757848,2.0190258,-0.58997184,-2.5465777,1.7970511,0.20159632,1.386427,2.3316405,2.4772706,-2.1704898,-0.40667075,-1.3105291,5.9946065,-4.3269176,-2.4741013,-7.2032576,-4.2815495,-4.5356174
Cbln4,1.9986701,-3.0372586,0.22427897,-6.18308,-6.3977556,-0.82826835,-0.6502734,0.24479932,-1.5342734,-0.68500304,1.005359,1.0205785,0.076548375,1.0209491,0.43682256,-2.655997,1.5027373,0.978214,1.1508657,1.3443264,1.5101409,3.1972907,0.953268,0.6018928,-1.7625151,0.9619068,0.41074187,-7.60617,-4.4927197,-4.3842673,-3.987361,-5.7462077,-4.241739,-3.9410536
Ccn2,-1.915058,3.492894,2.3114464,-6.6332393,-1.9342097,-1.7383978,-1.840025,-3.1376033,-4.039477,-2.492189,-3.4280102,-2.1902359,-2.6617303,-3.242013,-4.2632155,-7.310907,-4.452017,-1.6140419,-1.8101361,-3.2522378,-2.53253,-2.2011578,-1.6320561,-0.93170094,-24.86926,-2.8249407,-0.60389334,-2.9556384,-5.098006,-2.608239,-3.7975013,-2.2812405,4.0342126,-2.0424721
Cd24a,-1.0936337,0.46786848,2.339362,-0.6259986,2.4374375,1.7480611,-1.2883062,0.77634555,-1.6099998,1.4987677,0.8269206,1.2049937,-0.20307675,1.1090316,-5.045291,-3.221978,-1.3885168,-3.1747484,1.4337587,1.0708423,1.6475546,1.1644648,0.61261886,1.7155498,-1.9561657,-0.46463928,1.123374,-4.7734504,-4.959917,-0.29796588,-1.4426994,-0.8932861,-0.2018653,-2.353961
Cd300c2,-6.281477,-5.7304525,-4.9563084,-5.1407976,-5.8428,-5.7664247,-2.8182404,-6.3863153,-5.749358,-5.256804,-6.4344897,-6.89615,-6.2949295,-7.687129,-4.1184545,-9.669588,-6.7663274,-7.5222883,-7.463864,-7.414302,-6.105871,-5.3384886,-5.6753216,-7.53517,-2.5215783,-7.095797,-7.703649,-8.772762,-4.472411,-3.281973,-4.4529796,-3.9023337,-3.3461232,11.483448
Cd44,0.1371184,0.43174297,-2.1665943,-3.9690213,-3.5670023,-2.9666874,-0.35631558,-0.31081343,-2.5789263,-0.60788614,-0.04298867,-0.7132207,0.008541033,-0.05610915,-1.6197824,5.05145,-1.3913512,1.572095,-0.4732399,-1.9606713,1.9351832,-1.4247255,-0.51206934,-0.4410171,-2.587523,-1.3555214,-1.170414,-3.362775,-2.6270883,1.0315274,-0.26362377,0.9253079,-1.1423861,-0.118628606
Cd53,-4.9751062,-5.3024592,-4.8750863,-5.5932946,-5.2707243,-5.6327558,-5.191993,-3.992646,-4.947674,-4.8480983,-5.225513,-5.991502,-5.1087894,-5.5765796,-25.386179,-6.544021,-4.0298705,-6.6037226,-4.715382,-5.5831704,-4.93887,-4.201808,-4.493256,-5.8345494,-25.386293,-5.512059,-5.9984455,-7.3297806,-6.509304,-3.3311684,-4.3442626,-6.7012906,-3.2177033,11.35447
Cd68,-0.6381327,-0.50932384,-1.662916,-1.3337708,-2.1707087,-2.656786,-1.3637464,-2.4104269,0.92106795,-0.2649004,-0.4955711,-1.8767644,-1.211559,-2.3225353,-0.46422184,-3.089267,-4.2213063,-3.2111187,-2.2599552,-2.4281948,-3.2099135,-2.4680521,-2.8274422,-2.7347975,0.7796381,-2.939012,-2.8481517,-3.3688564,-3.357262,-1.7993554,-1.903196,-1.9585234,-1.7317233,6.166619
Cd93,-5.0509753,-4.1655226,-4.986254,-6.106028,-5.4274254,-4.676986,-5.384334,-4.7955422,-5.8370633,-4.6215196,-5.927679,-5.904525,-5.2969537,-4.80431,-24.664286,-6.7230916,-3.2891665,-6.201544,-5.3497434,-5.711362,-7.6553116,-4.2953396,-4.586813,-4.956552,-2.5502038,-4.6256123,-4.9189534,-8.794174,-6.173742,-3.268697,-4.611098,-24.664625,9.262591,0.019622546
Cdh13,0.042223483,-0.13195844,-0.07736059,0.14350836,-1.6717894,-0.010252847,1.6859733,1.6268789,0.6529871,1.4676628,1.3679737,1.4352518,1.5993425,1.534288,-3.117464,-1.0097657,-0.4916353,0.59394705,1.5148034,0.9459968,1.586909,2.2062411,0.671298,1.4273065,-3.732672,1.2099011,0.45877126,-2.764032,-1.5922588,-2.4908435,-0.5727843,-5.151655,-2.7279696,-4.1336493
Cdh20,-1.4918158,-4.7121124,-3.0079587,-5.547436,0.33388507,0.18275121,-2.0381002,-0.7106371,-5.495662,-2.2250593,-1.4788767,-1.9096043,-1.6338769,-1.5201933,-2.2265382,-2.4773993,-1.9243596,-1.8643299,-1.6871754,-1.443956,0.058576517,-3.8242486,-0.43348122,-1.2441349,-3.5259356,-0.39797738,-1.2950422,-1.1522499,-3.339852,3.1791878,3.7983642,1.0552884,-4.9331126,-4.811028
Cdh4,-0.061632514,-2.0757267,3.8947034,-3.492267,0.5067171,0.12883824,0.67106646,2.0589688,0.7569574,0.6932135,2.2623382,1.3233178,2.098338,1.8426939,1.0750892,-1.0008141,-1.8472685,0.34735218,1.3586452,1.5261351,1.2559348,0.653125,0.8905506,0.7717392,-2.1770697,0.6861088,0.9754429,-1.2898179,-0.15127878,-0.13419706,-2.2799888,-2.8267946,-1.5586306,-4.090228
Cdh6,1.1573832,0.43288648,0.4115487,-6.5829377,-1.3188145,-1.0786515,-3.0384092,-1.7131152,-0.56561947,0.017595181,-1.2632958,-0.3298058,-0.44782004,-0.22429617,-1.3357815,1.3214372,-1.2495667,1.5289184,0.48698902,0.12326419,-0.64987546,-0.7755321,0.06908158,0.50213456,-4.0263014,-0.62384725,0.4212646,-0.55723417,-5.621519,-2.2121933,0.5005527,-1.0150579,-1.9073565,-4.920409
Cdh9,0.47312465,1.3357402,-3.5882668,3.9256105,-1.9829882,-0.27593368,2.0681431,0.47928718,1.3489481,-1.2046217,0.4974373,-0.39433157,0.57494533,0.5678023,-1.8103201,-1.1474645,-1.3473256,-4.0839086,0.89351946,-0.10508872,0.35363385,-0.007953663,0.4043133,0.5709273,-5.5336514,0.63675374,-0.2412165,-5.4078455,-6.567375,-4.7197776,-4.822799,-5.625058,-4.7642803,-4.2814584
Chat,-3.7183497,-4.180055,-6.3859525,-4.9217844,-5.142071,4.0086007,-4.2846513,4.3902225,0.4675056,2.4329157,-1.300687,0.3712642,0.22756894,-0.1777774,-22.194893,-4.9488645,6.6726494,-3.655287,0.6863248,-1.8168454,-1.6725501,-3.4405181,1.6892952,3.3310635,-0.5947806,-0.98327875,1.472565,-6.290224,-4.6659503,-3.441159,-3.4114196,-22.19523,-3.8557267,-3.4725335
Chodl,-3.2893157,-5.0467343,-3.5483024,-5.041124,-0.9607517,-2.162089,-2.3697412,5.020205,-2.2099922,1.5557729,3.5099273,3.6139622,2.186058,3.3808117,4.258256,1.5164914,-1.5653892,-4.593603,1.2224866,-0.7765518,-1.8926289,2.1366258,1.3437449,2.4173949,-2.0551744,0.020973993,0.46167976,-7.5823565,-5.865669,-2.9938395,-2.3883455,1.6376929,-3.6287806,-3.6045985
Chrm2,0.8422749,-0.21000096,-3.4270182,-7.193444,2.7341616,-3.7375426,-0.6147268,2.7543552,-2.339526,0.8940061,0.06572561,1.1940753,0.25421622,0.75995684,-5.52133,-5.091947,-0.5306064,1.1308758,1.8476461,2.0962222,-0.3748384,1.184326,1.7989489,1.6409721,-3.508737,1.5278265,1.8858787,-1.7511975,-1.7812104,-5.0154767,-3.5579803,-2.672607,-5.043874,-4.82449
Cldn5,-5.7186494,-5.6609154,-3.979281,-4.733972,-4.753494,-5.774151,-5.746421,-5.8360195,-5.077682,-3.7142134,-5.709552,-5.6425266,-5.75125,-6.3068857,-25.988451,-6.6036816,-6.737968,-5.9380555,-5.741773,-5.8076916,-4.63124,-4.011654,-4.887687,-5.368652,-5.9153776,-4.4032383,-6.224767,-7.160448,-4.9839473,-2.0270054,-3.2115746,3.207041,10.145193,-1.9496467
Clmn,-2.41693,-2.8315198,-2.325447,-0.8856636,-5.281367,-3.1221206,-3.4202695,-2.534467,-2.645127,0.61749333,0.04044645,-0.7854272,0.021589564,-0.76432854,-5.3472495,-0.5686539,-2.9464195,2.4038713,-1.0393524,-1.6417311,-1.407974,0.122736156,-1.179102,-1.4402814,-1.2683998,-1.3867136,-2.0499768,-5.3273053,-3.920883,2.264229,3.73248,-3.8775861,-2.6648455,-3.845422
Cntn6,-0.7082855,-0.13004552,-1.851119,-4.7937374,-2.491132,0.8347544,0.86678255,0.69204295,-0.70296973,0.22899085,0.42881164,0.97841156,0.812115,1.124729,-3.5631068,2.3561313,-1.624179,1.8697631,1.563935,1.2716575,0.06454449,0.9178285,1.1212999,1.1253833,-3.6713858,0.9962954,1.1065847,1.7291759,3.3549743,-4.9659743,-0.9523472,-5.904815,-5.3413553,-5.0241456
Cntnap4,-1.5665364,1.3971874,-0.24972267,-3.88524,2.02755,-0.20708188,2.2075388,2.1309652,-3.2511811,0.119449034,1.2825501,1.1841134,0.63118786,1.5344541,-3.4497168,-1.3394067,1.6665787,0.2416459,1.657576,1.9440514,2.8043718,1.5197498,2.0250013,1.0547758,-3.6612523,1.8921379,1.6095338,-0.15686417,2.5317242,-4.638861,-4.1031394,-3.456463,-4.927383,-4.2665844
Cntnap5b,0.3233742,-0.32497153,-1.5310152,1.8782119,-1.534917,-0.91450465,-0.53027284,0.862096,1.009896,1.1474229,1.4529799,0.92815036,2.1586926,2.003355,-4.109578,1.2183491,-0.20486821,1.6696316,2.6552584,2.220939,0.6774555,2.0998836,1.8030285,1.6974919,-3.852315,1.9700279,1.0032216,-3.7281425,-5.667929,-4.520012,-2.597816,-6.052532,-4.702928,-4.4203887
Cobll1,-5.180732,-0.9127544,1.3874104,-2.3079722,-3.2792,-2.7974417,-5.6594887,-4.0799384,-5.561805,-1.0605325,-1.7866397,-2.944416,-2.4228432,-3.1561294,-1.7016379,0.25617945,-2.6048706,-2.2236722,-2.5832045,-3.9940457,-4.13648,-2.248419,-2.2980306,-3.703238,-4.407716,-4.360186,-4.21343,-5.9120874,-3.2501397,-1.0345336,4.159502,0.9568248,4.040393,-3.001831
Col19a1,1.0665369,-0.39683002,-4.286759,-2.5258257,-1.957474,2.149166,3.4524236,1.014018,-0.8037,-3.149431,-1.8379408,-1.3498949,-0.85080487,-1.245561,-2.3480613,2.2683914,-2.4529257,-3.09379,-1.5394278,-0.26385874,-3.552172,0.214683,-1.0805899,-0.7306198,-3.0691993,0.14978616,0.15819116,-1.9105942,1.4894992,-4.845441,-4.5061603,-6.0671268,-4.588636,-3.955364
Col1a1,-3.993558,-6.449844,-2.5142581,-4.1744223,-1.6205488,-5.4815955,-6.7227397,-5.9514575,-1.904714,-0.5130061,-2.648298,-4.828035,-2.3514953,-4.5004354,-23.72061,-6.199118,-3.8698545,-1.6310289,-4.88788,-5.716083,-6.491159,-6.010234,-5.441674,-5.328119,-0.88329524,-5.170977,-6.085656,-0.6250422,-4.471246,4.330476,-3.6871438,-23.720947,3.6382236,-2.141648
Col6a1,1.1973062,1.9349338,0.11808176,-2.1246176,1.5212145,-3.1482942,-1.7505335,-1.296233,1.9186463,-0.95317847,-0.0411824,-1.4821367,-0.02466327,-2.1611414,-1.8411431,-5.4090886,-5.8960385,-4.805195,-2.4016526,-2.1923685,-3.4744322,-3.5155625,-0.61675656,-1.2457846,-26.082598,-1.3784313,-0.6520606,-1.5206639,-4.9638014,-2.9514964,-3.6637647,-1.44815,-0.22350807,-2.1736321
Cort,-1.9063126,-1.7856615,-1.4572749,-2.5595043,1.5776219,2.6288147,5.90676,2.6775365,-2.6472096,-3.4601345,-3.001598,-4.6334267,-3.3724432,-4.639503,-2.9823499,-5.104682,-5.3331084,-5.067978,-3.4644399,-4.287695,-3.54621,-3.0330994,-4.1101155,-4.1180367,-2.508736,-4.4602933,-4.5697126,-5.350461,-5.3248644,-3.3665977,-3.8348813,-2.9497495,-3.170687,-2.2968652
Cplx3,-1.4951015,2.590875,-0.7974112,-4.221833,-2.6927547,4.4594483,-0.4830875,-1.73313,-3.5879416,-3.149296,-1.4319952,0.23707737,-3.5763512,-3.6487575,-25.352133,-7.6868157,-4.1379795,-4.1371393,-3.9357555,1.5309777,-7.829821,-6.840684,-3.4416313,-5.7709303,8.9736395,-3.1131883,-5.1209826,-3.437859,-3.3802927,-3.43053,-2.8918846,-5.2763953,-3.0393498,-2.4803257
Cpne4,1.3813096,-0.09368934,0.29987407,1.1737018,2.9814262,-0.04370403,-1.0004275,0.97274154,-0.009803782,0.8553341,0.52524495,-0.085406795,0.86934316,0.60794485,1.6218702,-4.10968,3.155685,1.4394342,0.45749336,-0.15461364,1.8252513,1.3635317,0.15575777,0.037527792,-4.6148586,-0.525555,-1.485275,-6.9999347,-6.4055686,-4.1752324,-4.5056663,-2.0267866,-4.320678,-3.781627
Cpne6,1.4198308,-1.0220854,-1.0378236,2.7067358,1.4549836,0.030639764,0.19751418,-0.5454468,-0.2420254,-0.31031945,0.7011243,0.023566963,1.2314428,0.3116696,-2.5778182,0.78857666,-2.3430552,-0.5946162,0.28438798,-0.68985933,-0.41798976,0.8531241,-0.0005668843,0.0010747031,-4.0644674,-0.30293483,-0.7566282,-4.549027,-3.863518,-1.9150698,-3.713335,-1.961438,-3.0499547,-2.4199264
Cpne8,1.5329165,-0.46378422,-0.4665093,-3.8204644,1.4711243,-0.69769293,-0.7344114,0.4672472,-0.4481872,1.8210539,0.7636293,-0.27692252,1.1857207,0.034870505,1.6903262,-2.5477421,-0.56229657,-2.7397826,0.19958772,0.29286322,1.0489668,1.1423349,-0.3504896,0.8556648,-4.3680573,-0.37909523,-1.4528501,-3.9300227,-6.7948728,-2.368527,-1.2599462,3.3175275,0.49738753,-2.7848098
Crh,-0.73684686,-1.7891945,0.14227831,-4.3880854,-1.1278344,5.2734394,1.779809,0.11946454,-0.84200656,-2.5677578,0.8498882,-2.1018798,-0.77928954,0.57421947,-25.072252,-4.4672117,-4.8071213,-2.020168,-1.18475,-4.776678,-2.6916606,-1.2313886,0.9560682,0.43029028,-1.7450238,-1.134398,-1.7963741,-8.089978,-7.1133447,-3.4966946,-3.5106516,-5.5225935,-3.2624462,-2.5572147
Cspg4,-4.7592955,-4.7495,0.12991239,-6.028528,-5.9214745,-6.592137,-6.4488406,-5.8293285,-6.011636,-5.3258843,-5.4268117,-5.508361,-5.2176127,-5.5389194,-26.163748,-6.350598,-6.3005233,-5.3246274,-5.768135,-5.7913814,-6.1305823,-4.990006,-4.9985538,-5.3391304,-26.163864,-5.237708,-4.582312,-4.27119,-6.0872054,-1.5899144,4.388105,-1.7836684,3.2469268,-3.2456815
Cux2,1.4896463,-3.8764002,-0.28609288,-4.59971,-2.1807914,-0.7364734,0.8972468,-0.296605,-0.37809163,-1.1898125,-0.63998306,-0.39810887,-0.5800011,-0.27110514,-1.6540304,1.4568626,-1.1050681,0.85636544,0.12288793,0.20387663,0.29182336,0.87705505,0.36471102,0.5533503,-3.3607473,0.62595654,0.43299398,0.91929704,-0.45112732,-1.5807008,0.012411333,-1.7582443,-3.6013794,-1.7625159
Cwh43,1.0867432,2.8408785,-0.98710674,-4.210181,-1.9693135,-3.5526154,-2.446716,-1.8734374,-1.5510987,-4.950142,-4.11102,-2.713069,-2.9557874,-1.8935058,-5.4404984,-5.6051536,-3.4364254,2.1024704,-2.717829,-3.1466022,-2.1419294,2.0709639,-2.906815,-2.895532,-1.7665571,-3.6678293,-2.319416,-6.1025643,-5.4945793,-4.294432,-1.9385363,-5.485231,-4.182586,-3.9161386
Cyp1b1,-2.7331405,-4.221322,-0.54626864,-1.9197162,0.91994864,1.8009576,-4.019968,-4.539268,-3.790865,-1.215846,-4.0233836,-3.4804976,-2.3514304,-2.2585778,-22.11628,-5.956226,-5.9749126,-3.0563343,-1.9202493,-2.8599944,-2.6088078,-3.0515435,-0.20910358,-2.7291403,-1.6169895,-2.6811357,-1.5698181,-3.4984865,-4.82077,0.18694352,-3.7263057,7.598181,5.4276447,-2.3728871
Dcn,1.9981095,-2.7311637,-2.1852052,-0.730942,-4.6331635,-3.731839,-2.6489465,-4.0511703,-3.735399,-4.5405087,-2.8352358,-5.141648,-2.1881895,-5.0895333,-24.516108,-7.909373,-3.6361625,-5.7835727,-3.2868347,-0.15370926,-5.566767,-3.528472,-2.6741557,-1.5174497,-24.516222,-3.070524,-0.94437206,-6.2479177,-4.4421444,-2.2650137,-3.323201,-4.3406053,3.6536496,-1.1305349
Deptor,0.7301842,0.59477836,1.7781719,-3.3262377,-0.649084,0.25052086,-0.90308666,-0.85130453,-0.2067224,-1.3354181,-1.012002,-0.00374051,0.20957978,0.65230477,-0.9111195,-2.1275477,-2.3061156,1.848341,-0.012071859,-0.33860174,-0.13243571,-0.5468905,0.90641993,0.13993374,-1.4066428,-0.27960745,0.5352997,-1.8501947,-0.6468765,-0.6268138,-1.2052159,-3.5285578,-1.5155002,-0.13941425
Dkk3,2.7081974,2.4341652,0.023270248,-2.738504,-5.228992,-1.3660504,-2.58167,-2.1379974,-5.936745,-4.8203945,-2.7014587,-2.0375886,-1.7567079,-0.837369,-6.5943666,-1.564239,-5.831993,-3.917675,-0.8549839,-2.557353,0.027082084,-0.22795208,-1.2859306,-1.3084471,-4.1636457,-2.4940064,-1.447565,-6.7022524,-7.5078306,0.05433473,-5.0086303,-2.680561,-3.18969,-3.6832736
Dner,-0.48911127,-1.5893983,0.5634747,-2.9601042,-0.88793546,2.1961741,1.3748599,1.5502673,-0.79590917,1.7382743,1.381878,1.4811355,1.4015207,1.588329,2.0587106,1.944074,1.2486936,1.1080018,1.2020826,1.1737859,1.2482404,0.7402496,1.4297744,1.2164577,-2.493222,1.786009,1.7967789,1.5908208,-2.480582,0.08181589,-0.88031125,-4.47063,-4.0338383,-3.4351554
Dpy19l1,0.34338406,0.36109313,-0.7410693,-2.5544832,-1.4657245,-2.3012772,-2.5765243,-0.7827491,-1.4487869,-1.0442066,-0.70740795,-0.9513742,-0.57883406,-1.1541353,-2.3310702,-3.6368957,-2.7326236,-1.5451506,-0.8441561,-0.8359726,-1.9081606,-1.4304305,-1.5007842,-1.6669885,-2.9239907,-1.0993758,-0.7982661,-0.847957,-3.2615283,-2.3692374,2.977312,-2.2809987,-1.5746725,-0.80934244
Dpyd,-0.7366973,-1.3796958,-1.6848971,1.5807643,-3.3845208,-3.494945,-3.9740212,-0.22667272,0.0794132,-0.8029819,1.9065614,0.22973365,1.6731426,1.427017,0.55173284,-3.1353474,-0.6992935,-2.6253004,0.14275311,-1.1439798,0.8871081,1.6582798,1.0838546,0.42353156,-4.227101,-1.0981688,-0.29775602,-4.466711,-4.646422,0.6162784,2.3546834,1.1474524,-2.7360547,-3.4889188
Ebf3,-7.571978,-7.4091873,5.20053,-5.925515,-6.2904034,-5.360992,-7.41367,-5.3308663,-7.940036,-5.158315,-4.7755494,-2.9581041,0.54912746,3.0583644,6.348808,-3.0608983,0.51943505,-4.972294,4.3587213,0.92540145,4.9642935,-1.5898522,3.7863114,4.6494455,-2.136189,3.3844116,4.360448,-3.389433,-3.1068885,-3.1826694,-2.256012,-6.327824,-1.5683274,2.3718724
Emcn,-2.9046116,-4.0521784,-3.6095493,-0.5928326,-3.6026502,-4.8436766,-4.509669,-4.21734,-2.095334,-2.4553275,-3.6675203,-3.5703595,-2.58629,-3.7471848,-25.406416,-4.192637,-5.3412075,-5.042981,-3.2960742,-3.9436252,-2.937995,-3.0079315,-2.8957133,-2.9741366,-4.462739,-3.4818742,-2.8767133,-3.5136776,-2.654968,-2.7680557,-3.9593282,-3.0881426,8.4471035,-2.990424
Epha4,2.5266829,-0.48858583,-3.4710531,2.3538847,-0.9172917,-1.5064487,-2.5535421,-0.6104983,0.38790584,0.91974294,-0.70313627,-0.5962917,-0.840089,-0.8262868,-5.9630585,-0.0023581067,-3.416691,1.637569,-0.48930883,-0.36450303,-1.0342033,-2.6440864,-0.7116001,-0.9433171,-3.1518164,0.16923189,-0.80856764,-4.6296377,-5.521656,-1.7290505,-2.1735535,-5.4659057,-0.9957232,-4.1928816
Eya4,-3.4800212,-0.77807814,0.92706376,-3.3139794,-0.25267458,-1.8766539,3.807037,-1.2943529,-1.7409794,-0.8703465,-0.8532857,-1.1562438,-1.6235896,-1.6839283,-25.930445,1.2109437,-4.750001,-6.2136197,-3.122908,-3.1709247,-4.0943027,-4.387691,-1.7279282,-0.60267967,0.7236523,-1.8053713,0.08456793,-3.2720656,-1.9999591,2.5213559,-0.35450497,-5.626217,-3.2624168,2.8753061
Fezf2,0.78331715,3.943798,-2.8178947,-3.3813584,-5.0618677,-3.6127422,-3.5370364,-5.9822054,-7.1852922,-3.4302762,-5.9903073,-5.128911,-1.5328575,-1.5896996,-26.445427,-5.89494,-26.449375,-11.0770445,-11.432817,-11.722043,-11.232588,-26.446274,-10.562881,-11.28982,-5.3118167,-9.622225,-9.967045,-9.819381,-8.888581,0.32253003,-5.3645654,-5.6317925,-4.2598643,-3.5498066
Fgd5,-4.161351,-4.607121,-3.5402741,-4.8484206,-2.4803765,-0.24499255,-0.7845754,-0.028319392,-2.406362,3.3080072,0.6608295,0.83502716,-0.5032192,1.3176043,-0.07669733,-1.6039398,0.4001766,-2.9319773,-0.31232297,0.3741054,1.8216677,4.9930773,0.58358914,0.9432688,-25.641428,1.0525297,0.68129957,-4.614081,-1.1435869,-3.3326657,-3.9093993,-3.9912002,5.9606853,-3.3936527
Fhod3,1.9138397,-0.0055856286,0.017020738,-4.827351,-0.48706922,-1.3764552,-0.3883878,0.42584935,-2.6601448,0.7282435,-0.061333317,0.4316668,-0.024410177,0.6519688,-1.4709977,0.5183138,0.28026998,0.88812864,0.97757983,0.74574095,0.15640551,0.84480333,0.7262347,1.0846183,2.4630046,0.43954468,0.39242202,-0.47671428,-0.5794318,-2.4975393,-3.025769,-1.3656385,-4.895062,-4.732019
Fibcd1,0.9240838,-3.9094317,-0.16798812,2.1709187,-0.06083255,-0.3405536,1.372551,0.328562,0.122465566,2.024036,-0.5578718,-0.10879733,-0.3845289,0.003221047,-3.4881158,-0.45221993,3.0823843,-0.6625844,1.0248221,2.1763878,-1.6531985,-0.1639077,0.35981968,0.44617465,-1.7876977,-1.0108792,-1.4809177,-7.7092977,-4.6951523,-2.528218,-2.844901,-1.5036545,-2.7992842,-2.1900845
Fign,-2.2301786,-3.3510125,-4.003135,-4.91074,-5.205251,-4.0421805,-3.3634715,-2.4340858,-1.251175,-1.4117492,1.4051808,0.57002914,0.05283247,-0.026564203,-4.9341493,0.62638724,-0.070378445,2.228064,0.8005584,-0.07342097,-3.1994371,-0.7804486,0.09943197,0.94512117,-2.3168252,1.068173,0.44068158,-1.9306834,-5.1728783,-2.470609,3.7357197,2.0708995,-2.2645144,-4.972106
Fmod,-0.89053917,-0.92340535,-2.5122197,-4.1041937,-4.2859898,-4.894724,-4.6158113,-4.226617,-0.4973128,-2.4251328,-2.7004569,-3.4355173,0.18978176,-3.5678394,-22.365938,-6.86524,-5.3086867,-5.4515843,-1.1170491,-4.1014667,-3.575938,-3.5927901,-2.4265337,-2.7938242,-22.366049,-4.9097667,-1.2530663,-5.823713,-3.9101748,0.14198083,-3.334282,0.20244826,5.546587,-1.3168927
Fn1,-2.065954,-3.0002136,-2.891089,-4.56766,-0.039593928,-4.577019,-4.2590556,-1.6422448,-4.40717,-3.5974822,-4.747477,-2.7416131,-3.2465262,-3.5736656,-3.4056623,-4.674989,-5.7616897,-4.62108,-2.7202575,-3.326406,-4.2563195,-3.3650537,-2.6629875,-1.3997204,-3.0735002,-2.2523565,-3.4307141,-5.3650384,-4.269669,-1.8362992,-2.1856496,-1.309437,7.774084,-2.0202217
Fos,0.6177804,-0.033452485,0.7316445,-3.5923471,0.14055729,-0.0694541,-0.39976913,-0.7046441,-1.1234165,-0.34473467,-0.9451614,-0.23607872,-0.77361196,-0.59080833,0.9452358,-1.2563707,-1.89804,-0.008810129,-0.7892235,-0.5643667,-1.4167551,-0.46814063,-0.19045566,-0.97485435,3.8264143,-1.26018,-1.2754116,-0.67003804,-0.5483922,-1.3374027,-2.6020732,1.367347,1.919779,3.9276016
Foxp2,-3.8877404,3.527764,-1.9886937,-4.9149203,-1.1932101,-4.5967636,-4.106998,-2.785897,3.8438632,0.07381111,0.7202731,-0.43152758,-0.24546044,0.79883903,-3.501268,-5.407088,1.75426,3.284455,2.1064324,1.7888215,3.2950907,-2.139098,-0.34358194,-1.8854277,-2.0270038,0.51535404,-0.15707563,-5.62831,-5.252484,-2.2722101,-1.7998205,1.7551981,-1.5416908,-3.609161
Gad1,-3.833711,-3.4320068,-2.1718042,0.097195596,3.821952,4.089484,3.5182436,3.484015,2.21595,3.304452,2.585892,2.765524,-2.2632554,-1.9041282,2.296829,-4.3453693,-5.235972,-4.4455214,-3.5658216,3.2807364,-4.4880195,-0.9026323,-3.9360666,-3.7200284,-3.3289068,2.805265,3.1228466,3.7935798,-2.8566852,-2.7802994,-2.1604884,-1.3333019,-2.7573946,-2.1044376
Gad2,-4.23527,-3.9202752,-2.1742442,-3.7227805,2.10543,4.035713,3.7249916,3.672335,3.1326437,3.8493664,4.028053,3.8125143,-0.6717794,-0.81500006,1.7290269,-3.91345,-2.6498384,-3.928982,-2.4997303,4.198315,0.39988536,-0.42709514,-0.26857728,-1.7599655,-2.8202877,3.972093,3.8314357,2.6277254,-4.003397,-2.9489465,-2.816417,-3.1056578,-3.1490917,-2.5507252
Gadd45a,-0.4973997,3.4178312,-3.305592,-1.9684407,-2.1946328,-2.0566423,-0.8038542,-1.20466,-1.5703932,-1.5910803,-1.4732561,-0.29602057,-1.195088,-0.17851749,-1.0876045,-0.42261755,-2.6894212,-0.70070344,-0.7870804,-1.0546907,-0.26660442,0.31093895,-0.82349265,-0.2822808,-0.18330616,-1.162227,-0.5102679,0.821866,-1.9564883,-2.3824375,-0.14717998,0.6233572,-0.076758154,-2.2956958
Galnt14,1.2810642,-0.16081266,-0.57748747,0.70947284,-2.785767,1.9510199,0.65186465,1.6447576,-0.23484127,-4.217189,-0.422169,0.21415502,0.06965731,0.07210935,-4.912816,-2.2074995,0.55817544,1.1596155,1.1133329,0.5957434,-1.1297073,-2.4422495,-0.2349898,0.8651278,-3.4598486,0.3788335,0.5628321,-1.3794247,-3.0936403,-4.510611,-3.984629,-6.5349727,-4.30751,-4.3404016
Garnl3,0.49105427,3.097586,-0.06381032,-3.0823135,-4.058137,0.34843066,0.7585032,0.5860734,-1.2402613,0.27217758,0.22284532,0.36404294,0.03449576,0.47206044,-1.6841667,-0.760959,-0.7047239,-0.47539392,0.7324717,0.73096687,0.48220178,1.6648334,0.6817303,0.69515264,2.3638537,0.048774693,0.54746544,-2.925506,-0.1967621,-2.7152674,-2.6897914,-4.4226437,-3.174471,0.06743147
Gfap,-5.012499,-5.1964774,-1.5897472,-2.6684797,-2.6962998,-4.7831006,-4.7235756,-4.781237,-4.645476,-2.4160316,-3.8920019,-4.723946,-3.658995,-4.2395577,-4.1064634,-3.9342601,-5.5963445,-5.908781,-3.8506336,-3.9046543,-3.9871829,-4.6695514,-3.7792382,-3.9651124,-25.535906,-4.7510405,-4.0953407,-5.0034924,-2.4197392,6.10347,-0.524519,1.4293438,-0.63060474,-0.27656966
Gfra2,2.0960076,1.0187937,-2.0286527,0.22766219,-0.42617586,-3.535855,-0.89102876,-1.3352449,-2.1563497,1.3466907,0.096045844,0.7950715,-0.9984362,0.035677265,-7.1334195,-4.5472474,-1.8056514,-2.4184217,0.28913364,0.7105053,-0.78703976,-1.4050623,-0.15472147,-0.40282258,-4.1077957,0.4565533,-0.23237161,-1.1332918,-6.2852592,-4.321544,-3.1758025,-4.7420263,-1.0549072,-3.7052975
Gjb2,-7.372381,-7.051707,-7.325555,-7.331679,-5.6183124,-6.989397,-6.839483,-6.139273,-5.806752,-6.223253,-6.842856,-6.3729773,-6.0186415,-6.843952,-23.862991,-7.846969,-4.844085,-5.30629,-5.9686494,-6.179103,-7.303561,-6.0941253,-6.5200257,-6.7342663,-23.863104,-6.4149904,-6.3794727,-7.581936,-5.6835895,5.0694723,-1.5023423,5.781626,2.9055138,-2.4646883
Gjc3,-8.052482,-7.0611496,-5.9774256,-7.2585697,-6.741416,-7.6308985,-6.635928,-6.065423,-6.4240155,-6.034459,-6.15322,-5.624077,-6.1707034,-5.44674,-5.285189,-5.9323735,-5.5971622,-5.1968055,-5.3438063,-5.1965203,-5.149807,-4.870167,-4.690138,-4.593023,-4.3638997,-4.449843,-4.576209,-7.1468406,-5.225694,-1.7642479,9.1695595,0.8867469,-3.618583,-3.6571143
Gli3,-5.542938,-6.013908,-5.2198977,-4.2971544,-2.8218515,-5.116215,-5.9748707,-5.4663377,0.63689345,-4.358779,-3.8633957,-4.590068,-3.2304842,-4.810663,-3.938893,-6.773408,-7.028433,-2.4015453,-0.12767573,-0.92377156,-6.296202,-5.3574767,-4.399885,-3.0447502,-4.7409415,-2.5427265,-4.419111,-6.540872,-6.230484,7.308771,-4.245161,-1.8915128,-0.732775,-3.5495794
Gm19410,2.3616066,1.4178109,-2.5711315,-4.0164723,-4.59654,-3.575693,-0.6581619,-4.5774875,1.2146485,-1.7394552,0.18159893,-3.2168016,-1.489194,-2.677602,-5.1750526,1.4903368,-4.9421163,-3.3108852,-4.0135036,0.35213843,-4.987385,-3.5640502,-2.4271865,-4.5884037,-2.7620022,-0.2936339,-4.5534205,-6.662679,-4.95511,-4.469558,-5.026736,-25.822968,-4.2408624,-3.674003
Gm2115,-0.045892682,-1.4757705,-2.427826,-0.5185087,-4.5642962,-0.26985484,-1.4270855,-1.8915108,-2.0965595,0.47366905,-2.2671363,-0.035626657,-2.9757214,-2.016078,-5.8724384,-1.2409518,0.026549153,-4.0312886,-2.167434,-0.90122837,-1.6228392,-2.9572668,0.9489478,0.31095275,-5.664645,-1.0719978,0.14830941,-4.63948,-4.5672283,3.0168386,0.3216528,-1.0447146,-2.542316,-2.243815
Gng12,-1.9174899,1.8304632,-1.9616772,-1.5144628,-4.4678755,-2.3234642,-1.6020676,-2.3385928,-2.2860074,-2.4857285,-2.7217522,-2.1072636,-2.3852575,-2.0380147,-2.7051418,-1.7725226,-4.82753,-1.4698727,-2.5473292,-2.2442455,-2.1653934,-0.6777919,-2.5552902,-1.8795162,-0.4272471,-2.4217496,-1.3798747,-0.35436505,-3.4359276,1.6400375,2.8125997,-0.20794915,0.32422745,0.42770153
Gpr17,-6.022912,-5.7242756,-3.8176537,-5.6773076,-4.976334,-5.957219,-4.8302226,-4.738917,-5.0352163,-4.3516808,-4.69069,-4.5335,-4.9469223,-4.688822,-26.336447,-5.2284923,-5.4241457,-4.0509944,-5.0576878,-5.0105968,-4.4240155,-3.9710119,-4.9126987,-4.7855268,-26.336563,-4.6429076,-5.0980005,-7.792477,-5.601404,-2.5609243,7.488488,-2.4773588,-2.612479,-2.278485
Grik3,-0.5780475,2.979107,-3.9234755,-0.33851534,0.9607137,-2.2264633,1.2523824,1.3795533,0.47387883,1.3666084,1.295835,1.1565195,-0.98824143,-0.56101006,-3.8058033,-0.11253145,-1.1132779,-0.5800312,0.25908133,-0.47138262,1.5081936,-1.0410769,0.5409155,-0.9286909,0.37816963,0.047042392,1.4797106,2.7833822,-4.494988,-3.9235568,-1.2807498,2.8036888,-4.613389,-4.0007715
Gsg1l,1.3425947,1.3001941,-1.9823719,-0.14871663,-2.248693,-1.3066419,-1.7569681,-0.44641718,1.6958679,-0.6118149,-0.031987075,-0.55190146,0.19998847,-0.051729564,2.3849747,1.2828093,-2.7649732,-0.4421712,0.07432438,-0.17950796,0.8061492,0.040613502,0.9036994,0.7846471,-2.5759923,-0.1250709,1.1474153,-4.5572357,-0.43180355,-2.312189,-2.4053771,0.34611782,-4.1968217,-3.8707886
Gucy1a1,1.200317,-2.0128782,-0.053654913,-1.6498195,0.24885517,-1.1692228,0.08559414,0.7193252,2.2136152,-0.28872544,-0.0932963,0.30862433,0.7790578,-0.040626924,-1.4683988,-0.026855843,2.1389856,-2.0974422,-0.04121291,0.59164876,-1.323414,1.2654128,0.4392487,-0.27960688,1.4854339,0.8455825,0.9905308,-3.1939569,-3.2226868,-0.73296225,-1.7994093,0.25429866,0.9458501,-3.7367115
Hapln1,-4.174802,-2.2771463,0.13771573,-2.9101698,-2.8593044,3.502099,1.7819649,0.64311916,-2.973609,-3.105645,-2.1380348,-1.5293732,-2.3322897,-2.5550442,-6.027279,-3.5309641,-4.0159454,-3.6905499,-1.1212872,-0.55575097,-0.55324274,-2.6189861,-1.005803,-0.9936201,-4.519636,-1.7432263,-1.9018031,-2.2702467,-2.3395927,3.7644923,-1.5901364,0.8925572,-1.6066139,-1.4869652
Hat1,-0.63358575,-0.492965,0.6940609,-0.54757136,0.50779027,-0.21996395,-0.15670472,-0.24079114,-0.20603181,-0.10460575,0.04462178,0.14195804,-0.039880116,-0.0055086343,0.38588998,0.16773719,-0.5955379,-0.43099153,0.10971668,0.019596478,-0.15495406,-0.012989508,0.36414835,0.29908714,1.4149133,0.19031572,0.44554245,0.22764982,0.4363997,0.297735,0.68030787,0.13454275,-0.17810729,0.73630285
Hpcal1,0.29401454,-1.1139032,-0.6666356,-0.36242157,-4.67855,-0.73549134,-2.8144429,-0.18786702,-0.9187708,0.20313743,1.5280293,1.4914887,1.684676,1.8137567,1.754597,0.68210524,0.28182292,-3.1323962,1.105592,0.30415595,1.7408895,1.9790131,1.9002018,1.5341876,-0.051463272,1.1988761,1.7229687,-2.5103614,1.9351897,-2.4146526,-1.5586535,-1.884543,0.7994796,-0.13722742
Hs3st2,1.556631,3.0995514,-0.880815,-6.261675,0.9097909,-1.0365722,-2.9004407,0.07744175,-3.6584544,2.2177973,-0.77736163,-1.9755137,-1.3585536,-1.2948117,-4.6381407,-5.115532,-4.885332,-6.4101295,-0.0088970205,-1.1010447,-5.1574607,1.2260729,-0.009012659,-0.23617385,-4.907462,-1.0729344,-1.3606833,-2.8360724,-1.6433035,-3.7165027,-5.3375807,-3.8154871,-4.714189,-3.5720313
Htr1f,0.47698718,2.7845523,0.008724145,-2.0454566,2.1057384,-0.18442519,-0.1793608,-0.5838856,1.4194618,1.463084,-0.23170394,-1.0457371,-0.44621044,-1.2317542,-2.421237,-1.9708365,-3.1194968,-1.7162955,-0.68563414,-0.42366737,-1.8439418,0.7885401,-0.4154658,-0.14337139,-3.7870924,-0.4151186,-0.09014046,-2.248145,-1.267218,-2.4148314,-2.302477,0.78176105,-3.3212128,-2.7593293
Id2,1.292468,0.7507319,0.6986404,-1.4307048,-2.1498241,0.89487666,-1.2354153,-3.1779876,-5.230157,-1.2511772,-1.8698618,-2.7266536,-0.88186586,-1.4777541,-4.2939205,-4.7087407,-4.038772,-2.0790796,-1.781537,-1.8206197,-3.380712,-2.085296,-1.8684146,-2.4116397,-4.72656,-2.244526,-0.6915963,-5.955448,-1.3540986,2.7228224,-2.0056531,-1.106334,-1.5140576,0.016799727
Igf1,-2.4213195,-2.333809,1.78018,-4.5148096,-3.1086812,5.629227,2.1540325,1.5131078,-5.7267733,-4.062142,-2.5504887,-1.1783305,-0.7204913,-0.14639875,-26.872152,-0.7005117,-4.191365,2.516754,0.37243295,2.1073422,1.4314005,-3.5225992,-0.73622733,-0.23630662,-2.1939013,0.052119102,0.88852304,-6.9182644,-7.1614494,-4.4389114,-4.4510827,4.8357215,-2.620964,0.08856072
Igf2,-5.863486,-5.8391366,1.7612956,-4.556493,-4.505497,-5.6822004,-5.203558,-5.623719,-5.182593,-3.9965148,-5.781719,-5.4531703,-5.622576,-6.67179,-23.728115,-6.4394865,-5.6268096,-5.635121,-6.0900664,-5.44202,-6.0418324,-6.8782763,-5.70067,-5.392112,-3.6550276,-6.2139606,-4.9819293,-7.1324434,-3.8007405,-0.8593212,-3.1077724,-23.728455,8.0765915,0.27658498
Igfbp4,0.92272764,3.0648863,-3.8143194,-2.7275481,-3.1008956,0.021872032,1.7326915,1.1540217,-2.5800145,-1.9735215,-2.6309474,-3.024264,-2.963209,-2.7673948,-2.8754508,-3.2193298,-6.843631,-2.190682,-1.8889104,-2.4569082,-1.5491031,-3.0920908,-1.7767885,-2.6504736,-5.043985,-2.7566915,-1.9175323,-6.7548847,-7.096446,-2.1219609,-3.3098576,3.2038784,-0.6529482,0.3492204
Igfbp5,0.31047285,-0.4414153,-0.35931244,1.9967756,-1.317859,0.12451881,-1.5583397,-1.73899,-2.9031975,-0.62669986,0.30154398,0.61385643,0.40175748,0.5646826,0.044254802,1.6580503,0.066411704,2.4469333,0.71385974,-0.53809947,1.2869841,0.69163346,0.3252691,-0.39758688,-2.2315545,0.38856167,-0.08228569,-1.5135828,1.2987348,0.638939,-2.9791732,2.6793115,-1.987565,-3.3746502
Igfbp6,4.182019,0.31175673,-4.4828043,-1.9050413,0.048070267,-2.738515,-2.9589486,-5.7183204,-1.5579021,-3.773589,-2.879876,-6.603414,-1.2007835,-6.3485045,-6.5573297,-9.286761,-9.000628,-8.601866,-4.2939115,-4.608071,-8.525499,-8.981442,-2.657572,-5.3354936,-2.899092,-6.7466784,-5.854722,-6.305236,-8.458947,-4.9594707,-5.7252183,-4.4628596,-3.06378,-3.711484
Igsf21,0.4439189,2.1892989,0.16518746,-4.197184,-0.17178935,-2.531937,-1.7561677,-0.45532817,-1.2383366,-3.6469216,-0.9626572,-1.1865814,-0.22169413,-0.20407534,-6.228627,1.871976,-1.3696712,0.22000213,-0.33296895,0.49084342,-0.35822105,-1.6856359,-0.34444934,-0.41572252,2.470684,-0.850696,-0.5356286,0.27183592,1.7374039,-0.90903676,-0.77638584,-4.68977,-4.4420524,-3.9782946
Ikzf1,-7.383392,-7.2446265,-5.52462,-6.487002,-6.3525996,-6.8633094,-7.2373238,-6.4798617,-1.8690939,-5.7797194,-5.5844707,-3.141188,-5.596464,-4.9778376,-25.703526,-8.298104,-5.8004866,-6.716809,-5.8973236,-3.60073,-7.0708947,-5.238149,-5.2017217,-6.517635,-25.70364,-1.1548083,-2.950135,-8.329015,-7.588683,-4.1778274,-5.246403,-4.4230404,-4.017989,12.160373
Inpp4b,-1.7193743,-1.0639364,-1.2803037,0.3356,0.42321557,-1.952923,-1.444649,1.1783879,-0.12007891,-0.20509608,0.70817953,1.2085543,1.6063683,0.81000775,-4.0640116,-1.8644941,1.2796643,3.301717,1.8708571,1.8144088,1.0076538,-0.20142473,0.8170353,1.2873838,-2.8505435,1.267278,1.8127245,4.1007853,2.4933283,-2.1910567,-1.549908,-1.2091054,-0.011227784,2.815717
Kcnh5,1.7764864,-0.8613607,-2.8284214,-1.6114701,1.3863962,-2.996822,-1.5500011,-1.5076212,1.182873,0.4027229,0.2368014,-0.1876655,0.19876318,0.120881,0.3090169,-2.1386654,1.6909784,-0.05978345,0.845862,-0.48473427,0.5032367,0.569096,0.6283437,1.0558436,-4.263708,-0.29316202,0.053852223,-4.7531943,-4.2226143,-2.777959,-1.0796865,-3.3626587,-5.086099,-4.6868052
Kcnmb2,-2.6948452,-3.2819884,1.1176533,-2.1246507,-0.3644079,3.646605,4.5749044,1.7786593,-4.487996,-0.21447642,-0.066377714,1.7052488,-0.26430947,0.3249141,4.5620675,-3.6080284,0.92891973,0.9718433,1.4828241,2.5666099,-0.24090986,0.031445984,1.6356534,0.7944225,-3.8666391,1.104717,2.5487993,-3.6356103,-0.10379682,-4.4817696,-3.432039,-4.402988,-4.1027174,-3.8534088
Kctd12,-0.6123877,-1.5746106,-1.485921,1.5618249,-2.3861806,0.96899223,-0.15704347,0.62560713,0.53444,1.3976896,-0.09578184,-0.5234511,-0.20717946,-0.65149367,-0.810847,-3.9266791,-0.37647513,0.2592744,-0.020060547,-0.3225957,-1.2718428,-2.017482,-0.26244435,-0.30212435,1.8444126,0.029661557,-1.051401,-4.026706,-0.73590803,-1.1356498,-3.1426303,6.264677,1.2098243,6.1532393
Kctd8,-2.188326,-1.5263965,1.7206309,-4.5018682,-1.1562032,-1.9502069,2.0311122,1.6142733,1.3383323,-1.1676099,1.0237701,1.4814085,0.77871835,0.58885247,4.4050646,-0.5791255,4.2495008,-0.9516132,1.8015127,1.7970408,-0.3803184,2.8677578,1.5870172,1.7522568,-0.89831084,2.0566854,2.3035145,3.006472,4.167496,-2.813425,-1.040835,-4.7992697,-4.6434584,-4.453495
Kdr,-5.148177,-3.2763534,-4.7262006,-2.2910838,-5.32147,-5.4816966,-5.0498,-2.9903529,-4.1463985,-5.002213,-1.6551018,-5.4002695,-1.7602985,-2.4237676,0.23137051,-3.3398082,-6.0907807,-2.4098468,-2.8996751,-3.6740901,-4.7378063,-4.5994368,-2.845192,-4.7092667,-2.1028907,-4.321922,-3.179338,-5.319952,-5.189397,-3.246584,0.90990657,-1.5718756,6.6267858,-0.06080294
Lamp5,2.8466299,-0.09753243,-4.2591095,-1.8946446,-0.93845344,1.6104146,-1.1027201,-3.9990864,0.6041751,-1.0820184,-0.40987897,-2.4678833,-1.3119016,-2.5433743,-5.1417603,-7.3422937,-5.959352,-5.2337756,-2.4836612,-3.1338668,-3.4404233,-3.7087893,-0.45333508,-0.61807084,-3.227637,-0.8733092,1.9433761,-3.2965863,-5.8228097,-4.342774,-4.491834,-4.518906,-3.9237318,-3.2352066
Laptm5,-6.0328174,-6.2366652,-4.2163734,-5.058991,-5.3459134,-5.857245,-5.525722,-4.8433776,-5.3287272,-3.979702,-5.688836,-6.4395194,-5.4541955,-6.5257516,-26.195314,-7.219758,-7.4288826,-4.602827,-6.767497,-6.96241,-5.6475387,-3.6147625,-5.0325565,-6.505516,-4.892134,-6.5931573,-7.3884444,-8.05695,-6.1925406,-2.5169902,-3.5659592,-3.5939586,-1.4311317,12.189949
Ly6a,-6.138747,-6.0419083,-3.5250554,-5.3112803,-5.487829,-6.153877,-5.995212,-6.105843,-5.250543,-4.277535,-6.3579607,-6.532607,-6.476138,-6.978222,-25.597296,-7.392742,-6.976375,-6.298068,-5.9960356,-6.2356863,-5.19524,-3.613128,-4.972139,-5.7467437,-25.59741,-4.8454103,-6.7061214,-7.6857452,-4.899586,-2.3525763,-3.4597118,-3.1940284,9.993153,-1.0282634
Lypd6,-1.8478289,-2.169288,-4.34912,-3.3096616,-5.1345468,-2.5235574,3.2786872,2.6343358,-3.5690935,-1.8286328,0.06764335,0.5143429,-0.3692319,-0.62009966,-0.35716483,-5.3436,-3.2605684,0.29844227,0.34735242,1.5834613,-2.2341878,1.8353665,-0.50596905,-1.2347162,4.4560857,-0.82581896,-1.0679038,2.5868397,-4.4294124,1.5986031,0.7751851,-0.78905815,-2.2369056,-0.7964304
Lyz2,-4.770343,-5.3822627,-3.7002416,-5.0030074,-4.059453,-4.665883,-2.2778847,-4.317831,-4.7399397,-3.9263139,-4.020031,-3.762938,-4.3305974,-3.0722694,-23.744703,-4.8168955,-4.4571877,-4.625829,-4.137775,-4.5912676,-3.2966034,-3.5677907,-4.0338626,-4.309774,-23.744816,-4.045762,-3.3972998,-6.294897,-4.1542234,-1.9811145,-3.2392004,-3.9889684,-1.7755604,9.194775
Mapk4,1.3544798,-2.0884821,-0.36563686,-0.1093341,1.0886594,-1.2640219,-2.5914545,-1.4496351,0.86496806,-0.12632053,-0.44895732,-1.5913606,-0.38338098,-1.1989478,1.1190405,-0.8562357,0.24144058,-0.8387588,-1.3009516,-2.325539,-3.2320826,-0.32825238,-1.0252168,-0.55793834,-4.345761,-1.0840336,-1.382478,1.152766,-1.6761256,3.1267717,-3.359163,2.1572425,-3.450855,-4.3757234
Mdga1,0.45562872,0.11102737,0.9319777,0.7741758,0.14527349,-4.165396,-3.8041327,0.20090859,0.9273327,-0.12961014,-0.4794672,0.054150466,1.3511531,1.6130716,0.73773485,1.1342378,1.8517239,-2.070682,1.2064046,0.524865,-1.239065,-0.4283728,1.9291759,0.9417355,-1.0185072,0.28779984,-0.016306093,-3.1204777,0.9699852,-0.17059037,-2.0676296,-2.3963158,-2.3451347,-2.4499347
Mecom,-5.037387,-5.0233455,-3.6806176,-4.3954797,-4.478906,-4.7455397,-4.8943715,-4.780708,-4.964186,-3.6531007,-4.8906574,-4.5702796,-4.3112416,-4.5549326,-2.194059,-5.4780617,-5.3309402,-4.9545956,-4.1767316,0.30195296,-5.136028,-3.666062,-2.766922,0.149595,-4.5108967,-2.6393754,-0.6731327,-4.883944,-3.719212,-0.028774185,-3.190109,-25.803047,8.286278,-2.8996437
Meis2,-0.04907933,1.5923349,-3.0837564,-4.439435,4.9621925,-4.9422665,-5.1309357,-3.7257364,3.6566162,1.8379537,0.7387566,-0.7731845,0.33112094,-6.0678363,-4.367377,-7.21328,-7.7528033,-6.964345,0.35600087,-0.12208986,-6.3775077,-1.9213419,0.25607684,1.031273,-5.05319,-0.07012736,0.98090774,-3.8177066,-6.1846676,1.3238605,-1.3372188,-1.1670927,-4.0522,-3.6065454
Myl4,0.7627732,4.119204,-2.8394582,-2.3213215,-4.305356,-2.4826183,-2.1733682,-2.9192255,-4.122127,-2.994476,-2.5896738,-2.7028048,-2.4027338,-2.0702891,-2.5236936,-3.2300432,-3.1518083,-2.84238,-2.552968,-3.3822603,-2.3691726,-2.0317183,-2.5071921,-2.7075574,0.1678875,-3.0219896,-2.866423,-5.019135,-4.9381933,-2.441292,-3.2794557,-2.8823545,-1.0103658,-2.4439306
Myo16,0.7427744,-1.9437947,0.24295513,-3.7438526,3.6438863,0.3007354,1.2048242,0.54031885,0.79649025,0.3143333,0.57962966,0.3528719,0.109449625,-0.2647715,-2.5118444,-2.6514392,0.6604298,-2.0200043,0.40125868,0.36243343,-0.97804207,-0.7614976,0.22581331,-0.11599959,-4.7754908,0.47172016,-0.049126133,3.252173,-3.6430485,-1.5474303,-1.573909,-1.8432924,-4.894001,-4.514499
Ndst3,0.72067183,-0.026308201,0.86958015,-1.9370536,-2.1531787,-0.39339837,0.54812336,-0.9531658,-1.3834155,-0.36071527,0.46356216,0.06564745,0.994601,0.14248139,2.231732,-3.827696,-0.86852837,-0.15436791,0.72308886,0.9510606,1.0039033,0.44758543,0.4472188,0.64039785,-4.516067,0.7677162,-0.09788258,-0.60105175,3.924903,-2.1063833,-3.862825,-5.1245303,-0.2631136,-4.35262
Ndst4,0.05494633,-5.240927,2.4548318,2.1528242,-2.689632,-0.35917336,-2.1562705,2.9521308,-2.3857028,1.1856164,1.2231791,1.071253,2.2452266,1.7521222,-4.684925,-0.26713577,0.5799431,-2.013455,2.355823,1.3556107,0.6263819,0.6279745,2.8776119,2.3010442,-4.648854,2.656291,0.91408145,-4.32664,-4.23852,-3.9385977,-0.43202016,-4.5484896,-4.005406,-3.7607136
Necab1,1.6310314,0.3745468,-2.1312864,-1.9871713,0.268992,1.780531,-1.1247346,-0.2766926,1.1672963,-0.19922331,0.5784248,-0.7890725,0.21159828,-0.17935534,-4.351287,-4.442799,-1.3943683,1.9002274,0.5698266,-1.1818293,0.921332,-1.0250455,-0.25640437,0.29955128,-2.458462,-0.42990714,0.34783742,-3.6608617,-1.9025174,-4.228797,-4.3041844,-4.272236,-3.286932,-3.5862944
Necab2,0.02208547,-0.8730794,-2.3781407,-0.38956302,0.21536528,1.4009758,-0.33695525,0.5443804,2.0820863,2.188318,1.3097425,0.18937707,1.853413,0.7906237,2.8678281,1.4108514,4.290176,2.2349741,0.23761366,-0.21636721,-0.49737456,2.756063,0.62114644,1.2506664,-0.9565613,-0.96316165,-0.23577544,-6.1915693,-6.2804375,-2.8035107,-2.101826,-3.3200302,-2.914335,-2.461507
Nell1,1.6268708,-2.288882,-0.9488657,-3.2000945,-0.8600179,0.00039798827,0.06647933,1.778185,-0.35713053,-0.09840966,1.2790705,1.0810028,1.0800352,1.2380211,-1.6900676,-0.23748155,-1.124618,3.174116,1.5005939,1.3589778,-0.70550925,-0.022608869,0.8455229,1.0690979,-2.4022424,0.83804864,-0.14418307,-5.826829,-5.292475,-4.3947754,-4.00814,-4.290188,-4.371646,-4.098417
Neto2,-0.17489845,1.7470874,-0.53201336,-2.787625,0.5939024,-0.38046196,1.9360363,1.0668933,1.6073414,0.3066408,0.74949414,0.66198283,0.52460957,0.14036521,-1.9092458,1.4820338,-0.3750253,-0.5101008,0.010055419,0.46076795,0.55123115,0.19174086,0.4484269,0.01852899,-3.7717745,0.3438863,1.1287124,-2.2495348,1.3088081,-2.4441457,-1.7597244,-1.153987,-4.7487655,-4.202626
Neurod6,3.381638,2.3118868,-3.1816463,-2.3896985,-8.286299,-3.8017042,-3.603291,-6.3368373,-7.756948,-9.133029,-8.445123,-7.928501,-4.165513,-3.7293057,-28.414993,-9.592342,-5.1226196,-11.109626,-3.579111,-7.124296,-2.3432715,-8.139971,-1.9715626,-3.908918,-5.6185846,-4.206151,-2.0229144,-0.6266192,-3.0143635,-4.44725,-5.528588,-7.172018,-4.1835904,-3.4627855
Nostrin,-3.2730882,-3.2374477,-3.72185,-3.4631388,-3.1079953,-3.5376751,-1.8798559,-3.3509293,-3.6881082,-2.4538608,-2.2271874,-2.6113477,-2.7703865,-2.4500215,-4.3325396,-5.972626,-6.039437,-4.5785747,-3.817036,-3.8008122,0.89684534,-3.1707368,-3.496861,-4.0091553,1.4310973,-3.7889912,-3.933949,-3.320638,-2.796462,-3.4158232,-4.3382297,-5.3428345,8.613142,-1.8048067
Npnt,0.639282,-0.27376503,0.14429633,3.0937371,-3.142062,-1.9907261,1.1312339,-0.2527891,-2.4243562,-3.7336845,-0.6357964,-0.7558984,0.32008952,0.22720546,-2.3697565,1.821749,-2.9362755,-0.7342292,1.9633261,0.34494123,-0.40756705,-2.450301,0.50202453,-0.3524398,-1.6347457,-0.2502434,0.99281305,-6.0206785,-5.6058497,-2.332955,-4.003417,-5.0734363,-0.6105665,1.6219707
Npy2r,-0.363756,-4.599478,-2.717135,3.1775327,-5.3830976,2.9329672,-1.1066177,2.6712828,-1.081951,0.95387536,2.5651484,1.9452438,2.0538921,1.4725126,-2.063576,-3.9884055,-2.1801844,-0.5256816,-0.7770805,-1.6156662,-2.151822,1.5340133,-0.92502904,0.15299582,-2.625684,-0.79993606,0.92069566,-9.032893,-6.8374934,-2.8688364,-4.117924,-4.838144,-4.0595293,-3.1562164
Nr2f2,-0.6978922,-2.2520459,3.3732984,-1.3373963,-4.0050235,2.305881,-0.20337296,-3.45137,-3.1326196,-5.5951033,2.4428604,1.9808565,3.0804667,0.98939985,-3.307578,-4.51731,-1.5395457,0.6090519,0.13125242,0.10602673,-3.1679626,1.3008977,0.5672542,-0.7210828,0.7004319,1.4292952,-0.0028663182,-2.8925774,-0.32772523,0.46377683,-2.091013,4.842005,2.3011703,-3.1255507
Nrep,1.1058524,-0.58605385,-0.55173194,0.08197396,0.5166019,-0.5327177,0.16254541,-0.24648972,-1.4336503,-1.885459,-1.0350784,-0.5993377,-0.91541344,-1.0567921,-1.6885873,0.52275276,-0.763952,1.0316086,-0.26608,-0.39074063,-1.1141675,-0.5120804,-0.25733763,-0.14958023,1.7997396,-0.30729407,-0.17921714,-0.06396406,3.7120185,-3.0176325,-3.4089375,-2.8619263,-0.42477453,-2.2680748
Nrn1,3.2911398,0.8599484,1.340804,1.9009173,-5.401409,-4.303137,-4.2013044,-6.3360047,-7.754469,-6.57804,-6.139124,-5.894299,0.7691578,-0.6019974,-1.3582457,0.7748916,1.3343527,1.5806686,0.8270383,-5.496011,-0.22032428,-5.898943,0.7957808,1.0112872,-0.4767314,-6.1792316,-6.0210814,-6.739785,0.32585183,-3.6813145,-4.8521314,-6.1750517,-4.6639614,-4.0736566
Nrp2,-0.11176991,-0.36326918,-0.6078068,1.2605937,-2.2451034,-0.7894857,-1.4669386,1.2686517,0.70436245,2.1060882,2.1051774,1.1503795,2.2770355,1.3444357,3.0096223,3.5218694,3.1057012,-1.3960112,0.60724384,0.8902919,-0.2582234,0.21344803,1.349767,1.2379662,1.7861154,2.0640748,1.1153907,-0.75188804,-0.9261749,-2.5057425,-0.8586131,-4.6467085,-0.672779,0.6739433
Nts,-1.5719382,-0.23717733,-1.0123518,-4.652243,-3.0012527,-5.072537,-2.6509526,-0.1666274,2.956251,3.138883,3.000772,1.9889543,1.5555948,1.6443899,-1.0823699,3.3828773,-3.3210037,-0.48740634,0.81586134,-0.32309368,0.6642144,1.8301007,0.41730592,2.567946,-1.6535373,0.17527197,-0.82431906,-0.7791347,-2.8351355,-2.0683281,-2.2482371,-24.788252,0.30010277,-2.3168893
Ntsr2,-4.0073285,-4.5230846,-3.7683759,-2.8689573,-4.071929,-4.169363,-5.5994687,-4.966699,-3.1663704,-4.1390896,-4.225604,-4.5718794,-4.5114975,-4.180777,-5.836553,-5.3953557,-5.617804,-4.846117,-4.933472,-4.5163593,-4.7329745,-4.0178804,-4.180971,-4.9896913,-4.423406,-3.6365852,-4.1324115,-4.870662,-4.494575,8.025419,-1.1782856,-0.6276922,-1.7246072,-1.4870389
Nwd2,3.200012,-0.48768246,-1.0452708,-0.7028212,-4.6816916,-0.5836539,-1.3387499,0.5363528,-3.2370908,-1.2424527,-0.2917622,-1.2664673,1.0463253,-0.22579272,-6.6416764,-3.7338347,5.1688128,-1.8572791,-0.915987,-0.24615352,1.3680905,1.5172273,-0.09871081,-0.32363716,-2.5670223,-1.1525402,0.22594611,1.0884305,-1.8240026,-4.9143047,-4.6439795,-8.006917,-4.826252,-4.331304
Nxph3,-1.4372135,5.417506,-0.4716962,-5.532385,-5.403849,-1.2080986,-1.8880913,-1.8400084,-3.5184321,-4.373516,-2.8097146,-1.9780346,0.21878724,-0.5283988,-4.8462687,-5.448984,-1.1505985,-0.47434092,-0.18446657,-1.5470468,0.9228777,1.7744092,0.80906993,0.074526735,-1.522496,-0.17440015,0.15835153,-4.69702,-0.7917247,-4.067729,-4.289821,-26.824167,-3.8184397,-3.4005296
Opalin,-6.7598596,-5.939224,-6.6645226,-6.982833,-7.001392,-7.048668,-5.6400814,-5.7303805,-6.4236536,-5.9129844,-5.6240535,-4.9076734,-5.8468013,-4.806379,-27.694098,-4.911329,-5.273382,-4.4671063,-4.981655,-4.7638254,-4.8071213,-4.2384405,-4.8636565,-4.7964587,-3.0265954,-4.920998,-4.9964657,-8.375307,-6.2058578,-4.0257287,9.142379,-5.8043613,-4.1286597,-3.8717172
Opn3,0.8196608,0.343792,0.46156257,-5.4418755,-0.3033861,-0.53844047,-0.86248785,1.6749185,-2.5972931,-1.8419461,-0.7902075,0.05706877,-0.46765786,0.43259168,-2.2692113,0.33686018,-1.5593127,3.3306353,0.39281765,0.0053986055,1.6209122,0.46431753,0.3732011,-0.042683378,-1.0515451,0.5496858,0.4587562,-2.4999692,-3.1951385,-4.04916,-2.574445,-3.4398525,-2.1970525,-1.4491735
Orai2,0.67046165,0.5249034,0.52391124,3.146161,-0.85566115,-0.94023675,-0.9054229,-1.4154693,0.3509842,0.44102958,0.63140047,0.33487654,0.55919796,0.5618611,0.22050773,-0.41036695,-0.6221983,0.578436,0.48110336,-0.15741791,-0.24970019,0.47776443,0.3304629,0.3040038,-2.106523,-0.15852642,0.18170214,-1.026975,-0.6428297,-3.6768618,-2.7498968,-2.3714335,-3.7360678,0.9811252
Paqr5,-3.9991944,-3.8778498,-4.4537134,-3.7835412,-3.9650962,-4.444297,0.1974476,-2.1690543,-2.1961417,-2.1893275,-1.7623043,-1.8298922,-1.8174365,-1.9033746,-1.2022469,-1.6501733,-2.729403,-3.658228,-2.2317572,-3.1255257,-1.4670264,-1.6144627,-2.0624669,-2.3550708,-4.573783,-2.8168957,-2.6285357,-2.9422133,-4.1879563,-2.1249933,-4.1559095,-0.49333307,7.958751,-2.8639364
Parm1,-0.78907526,-0.14348814,-2.7738423,-0.09854072,-2.1016994,2.2856748,0.4552082,0.9230381,-1.9552448,-0.82311976,0.90727305,1.3023831,0.61714184,0.5969937,2.2166784,-3.5597057,-0.43614468,-3.3062565,0.5598879,0.8992791,0.98830855,-0.5540022,0.7886932,0.93333495,-0.721424,1.1929222,0.073958516,2.885589,-4.9140873,-2.944655,1.1519789,-5.7539654,-0.73810077,-4.0715904
Pcsk5,0.62331915,2.2565992,0.72476166,1.8917841,-2.253532,-1.7360352,-1.4160808,0.020606887,-0.2797863,-0.4451668,0.28130263,0.19022433,0.5898293,0.5251734,-3.3036478,2.6668591,-1.5701593,-0.1787359,-0.4135033,0.1528338,-0.35684237,2.7459219,0.34309644,0.61094797,-3.7171478,0.4848058,0.8395802,-0.060130246,-4.0010324,-3.0416133,-2.0725944,-2.753604,-2.422323,-4.41368
Pde11a,-0.55851513,-3.0705154,-0.85886055,-1.937026,-3.1520844,3.8761024,0.9732566,-0.29899096,1.4626571,-0.84532267,1.4366565,0.9071473,0.95813257,0.77779186,7.958709,-0.4290696,0.75974625,-2.3229039,1.3174942,0.3437821,1.6199366,1.5251143,1.1157085,1.5682023,-1.3566079,1.0246212,0.9315078,-4.8201556,-3.430969,-2.5201337,-2.556072,-2.8707566,-3.4199293,-2.9163327
Pde7b,0.43782064,-2.476375,-3.5302935,0.9454601,-0.76230276,-1.3397607,-3.0590563,-1.6335113,2.9564188,-1.5753729,0.26312193,-0.24649303,-0.5735076,-0.39887097,-4.96284,-2.9100442,-2.9806292,1.3740242,0.35215646,-0.99585843,-2.0893576,0.33461937,-0.25148013,-0.7129164,2.651711,-0.5684865,-1.5114262,-5.9338326,-3.5237205,2.4351988,-1.1564003,1.225447,0.377999,-2.9295568
Pdgfra,-6.327383,-6.156416,-3.7676945,-5.707885,-4.819646,-2.6225445,-5.8180165,-3.759848,-5.258113,-4.136901,-4.610106,-4.529645,-4.9479666,-4.8125815,0.5845011,-5.1149173,-5.677305,-4.7131963,-5.310686,-5.327581,-5.0726542,-4.8439507,-5.0424027,-4.5843086,-3.5961695,-4.120053,-2.4769053,-7.4687104,-5.718048,-2.5057309,6.320244,-3.9012206,0.7561059,-2.1862617
Pdyn,-0.89292103,-3.0210178,-2.3532083,1.8433661,-3.5197296,-3.4416025,2.8335211,0.25874817,3.9277637,-0.8152397,1.6751797,0.4505095,1.159884,3.0442722,-3.2384214,-2.805977,-3.5964346,-0.72219497,-0.8121587,-2.355315,-4.0338287,1.59613,0.034478575,0.42155463,-2.9192572,-1.3820467,-0.97668505,-9.3213825,-6.416347,-2.7357738,-3.5104501,-5.9371276,-3.3382497,-2.5522404
Pdzd2,0.74352676,0.26204288,2.7890546,2.1541355,0.9561536,-0.739034,-0.57343453,-1.4327968,2.176796,1.5256397,-0.728333,-0.6415725,-0.5982257,-0.7235972,1.1989654,-4.0558424,-2.248609,-2.3098962,-0.7073953,1.292048,-1.6546528,-1.9534185,-0.43983334,-0.1690438,1.5483054,0.08313513,0.594711,-1.4455947,-4.1144195,-1.8850825,-1.2400265,-0.75231737,1.2805352,-3.9792647
Pdzrn3,4.4947996,-1.9045335,-2.7397168,-5.0875816,-3.8627036,-0.12872574,-0.43422619,-3.1185021,-4.4263277,-3.7206144,-4.1636825,-4.7915835,-3.0628395,-3.0860138,-6.8539424,-7.4862084,-5.9184785,-3.4293625,-2.2430592,-2.3455863,-1.7863277,-3.7587643,-2.4673417,-1.7199011,-3.6077447,-4.3871055,-2.1332693,-6.000198,-8.452512,-1.4919399,-3.8678954,0.6978639,-0.5777754,-4.4446774
Pecam1,-2.9998622,-2.6056283,-0.21586457,-2.1257732,-0.14964247,-2.5788183,-2.6894743,-2.283548,-2.961708,-1.8497443,-1.1512252,-1.2310504,-1.3128178,-0.87041366,1.4649814,-2.0943778,-0.85362935,-2.445422,-0.949263,-1.9144764,-1.2983998,-1.3331974,-1.3503313,-1.2461312,1.1834357,-1.9042814,-1.5580536,-2.3180304,-0.94492894,-1.8348236,-2.3253071,-2.9772818,6.76853,1.8150843
Penk,-0.44894746,-4.0030875,-1.026416,-1.043798,2.458752,1.7105836,-1.3084347,1.1607097,4.314374,-0.84320515,1.2099046,-0.12407226,1.2358227,0.4151997,-2.083578,-2.047343,-2.84096,-5.186455,0.156761,-0.13863632,-2.7710602,1.1012411,1.147293,1.4689333,-4.6980004,1.6595913,1.4528409,0.3400078,-4.0593286,-2.7364109,-3.0483608,-2.27719,-2.6511784,-2.2677357
Pglyrp1,-2.0738,-1.7410207,-1.1001346,-1.6118063,-2.137376,-2.1412044,-1.883574,-0.7998224,-2.5360994,-0.9209283,-1.022508,-0.6131753,-0.6915087,-0.61604726,-1.0457121,-0.67389816,-1.4067532,-2.7866015,-0.27403215,-0.5830725,-0.6799865,-0.78998375,-0.18110298,-0.13936466,-1.4347826,-0.27366588,-0.15646796,-0.98054695,-1.5527142,-1.180179,-2.3142278,-2.6616123,6.274194,-1.3038923
Pip5k1b,0.029240541,-1.3532187,0.022946252,2.8625426,-2.9093513,1.4134462,0.049364075,0.38143322,-1.8815345,1.4932841,0.91488075,0.4540545,1.3074179,0.47105244,-0.79303795,-0.4060349,-0.6086141,0.32192382,0.467781,0.23675026,0.8386762,0.6853379,0.4487172,0.4472446,-0.20757802,0.17728181,0.89946204,1.5370336,2.1945207,-3.0609171,-1.3490835,-3.2397323,0.49463394,-2.8252273
Pkib,0.7263996,-1.4337888,2.4162717,0.10812161,-3.485966,0.045279067,-1.5661198,-0.13162725,-0.38039872,0.0019120714,0.08235602,0.9065322,0.47576424,0.85907924,1.1155729,0.24716496,0.439881,0.84606886,0.057337046,-0.47893837,-1.3668888,0.76189315,1.1065656,0.27768722,-3.9361868,0.34346983,0.29254302,-1.7990819,3.949641,-4.272677,-4.24096,0.15016468,-5.0174236,-0.2516293
Plch1,-0.7678066,-1.064831,-3.1566093,-1.9924874,-2.5488012,-1.9750147,0.016137946,0.69828653,-2.4616055,0.6312396,0.49717686,1.7829959,0.39570194,0.61446387,0.46384206,0.27318332,0.9803624,0.944794,2.0134475,1.8371223,-0.15958749,3.0167751,1.5035932,0.87693477,-2.989761,2.3041136,1.6858097,3.6349225,-2.6597874,1.1183255,-3.3419724,-0.34253505,-3.188246,-4.0908823
Plcxd2,1.7394521,-0.2545181,-0.8868333,-4.986394,-3.332921,0.66585284,-0.9020876,0.6367909,-3.0687144,-1.0344245,0.047221556,0.48120502,0.14661786,0.56721956,-1.0322297,-1.379901,0.5033562,0.57562256,1.2576573,0.5676638,1.5608859,0.84998816,0.76555943,1.0848806,-2.8022814,0.5931969,0.7368764,0.6408494,0.1661919,-3.6719365,-3.1756718,-2.0901144,-3.7185018,-3.0961068
Plcxd3,-0.6597323,1.097964,-0.58808833,-3.8727763,-0.30422264,-2.4514248,0.6406674,0.104149945,0.4888691,1.4061247,1.5958548,1.4460511,0.745102,1.6905195,0.8951796,2.0468519,-1.1810849,-0.87300813,1.1763746,1.0720251,2.0059195,0.85563195,1.3740989,1.199012,-4.430819,1.607171,2.4414613,0.7463795,3.750322,-4.644199,-2.9521062,-5.2208905,-4.9915094,-4.956238
Plekha2,-0.59348035,-0.38585192,-3.1945293,3.1737251,2.3972762,-2.149886,-4.413495,-3.5992303,-1.2441885,-2.525562,-3.7599795,-4.330425,-3.7949064,-3.4418674,-4.983428,-1.4772924,-2.7358875,-4.1422396,-4.4873047,-3.867289,-3.737305,-4.009274,-3.3939383,-4.294189,-5.1161323,-4.547115,-3.6500826,-6.1674876,-4.998557,-2.1467862,1.4628515,-2.1049354,1.4375993,2.3436742
Pln,-3.205873,1.1381179,-3.0285041,-2.7347662,-2.6716974,-3.8172517,-3.462384,-0.94511485,-1.6253932,-1.9798179,-2.1540945,-0.551777,-2.022768,-2.475284,-23.723635,-1.8289452,-3.481781,-2.9707336,-1.9008031,-1.9863873,-2.044962,-1.6463622,-1.3760979,-1.7521365,-2.6771615,-2.0094028,-2.009337,-2.4486732,-0.7566883,1.4588088,-1.5113213,1.3330451,4.6934156,-0.7523906
Pou3f1,1.0461113,-4.782874,-1.9693484,-2.4334705,-4.392871,-5.0175114,-4.2089076,-0.33371872,1.6456928,-3.1795914,-1.2186579,-2.9215958,-4.308705,-3.1857917,-6.635262,-5.8679876,0.5854206,-6.099571,-0.24603426,-1.9403464,-0.05813068,-0.9372411,-2.142065,-1.0283879,-3.5830424,-2.0007052,-3.118745,-9.426682,-7.295041,-3.3208458,2.569408,-5.281585,-3.6320655,-3.1598704
Ppp1r1b,0.82550585,1.7722675,-1.3690798,-2.108945,-3.3087182,-2.5927558,-3.7087152,-3.1080298,4.269673,-1.5203052,-1.1867557,-4.415554,-1.8300316,-5.5286703,-4.9323378,-5.986322,0.75908977,-2.2306378,-3.034093,-5.4820375,-6.8080397,-6.104695,-3.4600992,-4.6977882,0.8030348,-5.1873517,-3.9539268,-2.5496683,-3.0529478,0.69624656,-3.1583476,-5.181834,-2.9390192,-2.3491092
Prdm8,2.2116394,-0.13980156,-2.8759367,2.2764812,-3.511769,-1.9453481,-1.9183104,-3.237222,-4.510617,-3.2618518,-3.7391307,-2.9777856,-2.3811269,-1.3067842,-3.4336536,-5.0004053,-4.279917,-2.2562695,-0.9389615,-2.8972433,-0.21530281,-2.2302983,-0.8266577,-1.7162416,-0.70555556,0.3358808,-0.1750434,3.478251,0.0025385073,-2.6174583,-3.0900493,-3.540745,-3.4727604,-3.0055828
Prox1,-5.869198,-6.0355043,-4.5507274,3.7601616,-3.2137444,2.3419003,-4.068953,-1.365181,-4.473345,-6.729994,-0.9176019,-0.077093884,-3.6802702,-1.2078233,-7.248395,-6.270675,-1.5904626,2.2275245,-2.299804,-2.7555976,-5.772579,-1.0720404,-1.7413595,-3.684095,-3.7185984,-0.36650163,-1.314386,-2.9837558,0.3286229,-2.2606313,3.7191625,-1.0006539,-4.640224,-1.1613744
Prph,0.92189574,1.823663,-2.122949,-4.292562,-5.0564566,-0.47664624,-2.529128,-1.6979623,-4.952653,-4.5595326,-2.59853,0.7303199,-2.2415779,-0.08907034,4.396583,-2.715047,-2.0703514,1.8243055,1.6417481,-1.6725546,0.54236525,3.4039073,0.7336541,1.5430918,-1.8309114,-1.3417178,-0.64921135,-7.588361,-5.3096404,-3.169172,-3.3392348,-23.542717,-1.9788773,-2.9627693
Prr16,1.3322737,-0.5066329,-3.1102881,-0.41465035,-0.64268523,-0.6674596,-1.0661683,0.42921275,-0.6289474,-0.62712866,1.2846904,0.76822895,0.48316345,0.7703316,-3.648844,-0.8259286,-1.3384439,0.20596778,0.89887524,0.67761946,2.8182104,0.8459653,0.6340723,1.1596562,-6.079634,0.41405138,0.9429626,-5.474619,0.8531459,-0.75266606,-2.1076608,-5.038061,-4.0018744,-4.842969
Prss35,-0.42039672,3.7051744,-3.3293335,-3.152545,-0.7386618,-2.8885906,-3.33013,-2.852067,-3.3921216,-3.9167466,-1.7164507,-1.7648542,-2.5399468,-0.99659586,-0.44939694,-3.3564625,-3.96419,-3.5570383,-2.0484776,-2.3668313,-0.11804583,-1.1239223,-2.138589,-2.4031115,-1.1162461,-2.894409,-2.1347263,-5.1152186,-3.1851175,1.4596688,-2.9162545,-3.2230399,-4.363386,-3.8424084
Pthlh,-1.7447602,-3.4831078,1.224288,-4.1979465,-1.2698358,4.4137373,2.494601,2.646515,-2.3811276,-2.0317996,-0.60127705,0.63929754,0.30886593,0.4196249,-23.879475,-1.9362295,-4.820921,-1.1560826,0.3936054,0.7609943,0.22430497,-2.0486846,0.9112982,0.8212092,-2.7439916,-0.27007693,-0.6964899,1.4790789,-4.2422795,-3.7149696,-4.445713,1.8076333,-0.15897107,-3.548542
Pvalb,-3.1907182,-2.512557,-2.242393,-5.3665276,-4.352791,-2.1149144,3.7123241,-0.4554665,-5.8971386,-6.499695,-3.5725086,1.6394355,-3.4929175,-1.7191751,-4.48774,3.050916,-3.2244635,0.6115646,0.4714116,0.5160147,-3.8444457,-3.6155517,1.0908643,1.4055787,-2.0970933,-0.28372392,2.0724385,7.7484436,0.00024276102,-1.9289459,-1.9919454,-5.099256,-2.1057389,-2.1653864
Rab3b,-0.79554915,0.6020562,1.4480866,-3.2606966,-2.5029087,1.3151013,4.3253145,3.2663538,0.19850536,0.93645644,0.41054744,1.1395439,0.75755996,1.3012292,5.0413194,-0.09452556,-3.2104094,-1.2992952,-0.17628518,-0.24447636,0.504571,0.36800835,0.8978633,1.460186,1.7164515,0.21368538,1.3810745,-0.46637523,-3.1894546,-2.5440736,-1.8170784,-4.1655197,-3.6725848,-3.3279805
Rasgrf2,1.1131057,-1.9516057,-3.2735915,1.1850643,-0.175663,1.4497355,1.7070435,0.12715422,-1.0861577,1.3206728,1.2474307,1.7086984,1.4357382,2.0577912,-2.3287675,0.8862305,-1.4019789,-0.43008363,1.750384,0.7762003,1.7105862,0.72208804,0.9894883,0.59509087,1.7457373,0.61690545,0.5358185,-5.689368,-6.396569,-3.9546797,-3.9108617,-3.70355,-3.2941236,-2.472959
Rasl10a,2.7873247,1.3949939,-3.176256,3.4933424,-1.684341,-2.7198138,-2.6719315,-3.0308113,-1.1525927,-5.4313,-3.1331956,-3.4832675,-2.1732566,-3.0327265,-5.099821,-3.3116198,-4.872827,-2.4310725,-3.095345,-3.8642063,-2.9067419,-2.5583348,-3.38845,-3.545814,-2.599981,-3.7163577,-3.5194948,-8.433834,-9.099179,-4.4543524,-5.7486734,-5.491926,-3.7802446,-3.9066863
Rbp4,0.31628564,-0.0050943526,-3.5008173,-1.6599557,-3.237414,0.27127653,5.367664,-0.20260704,0.49918452,-2.4018471,-2.6194837,-1.5157799,-3.3760638,-1.5025655,-0.4928515,-2.8559806,-3.949427,-3.4290447,-1.5653049,-2.3322008,0.34939545,-3.2629097,-1.5766448,-1.4170325,-0.086655386,-1.7609854,-1.0594608,-6.5892577,-8.219653,-4.3688874,-3.4585369,-4.093737,-2.780072,-3.614
Rfx4,-4.5044403,-4.6989527,-3.2086396,-3.317507,-2.373692,-4.466183,-4.774949,-3.6144536,-0.7563303,-2.0567505,-2.9447443,-2.8548944,-3.3300977,-2.1662192,-3.4919488,-4.1885924,-4.2644496,-4.6368747,-3.581612,-3.8190613,-3.5672421,-0.8130095,-3.2649431,-3.6017277,-3.2080932,-1.9718722,-3.2515953,-5.6252394,-4.4891944,6.9041924,-0.3129007,-3.8544335,-3.6954086,-3.454236
Rims3,1.1025932,-1.2168746,0.15557499,-5.6277514,-1.7004385,0.6605334,0.38771188,0.83269846,-1.612308,-0.86552095,0.93644905,1.3230308,1.1040053,1.448078,1.4815742,1.3252635,-0.5192004,2.8890214,1.2393854,0.677548,0.7745625,1.7938346,0.7269515,0.83631325,-0.06370224,0.8458003,0.2863216,-5.873333,0.56818753,-3.611251,-3.5311964,-3.9260626,-3.8928595,-3.4916139
Rmst,-1.0952425,-1.3150458,-2.6867123,-6.785795,-1.480978,-5.582969,-4.1862087,-0.35825875,-3.5355084,-2.3989944,1.1139007,1.8108084,2.7919867,2.808555,3.794633,4.3197374,1.1673706,0.8467592,3.2937777,1.7078007,1.8717375,2.1784875,2.9115686,2.5840108,-2.402606,2.82863,2.088621,1.5372937,-4.609629,2.9173005,-4.1509585,-4.8975706,-4.630734,-4.518176
Rnf152,-1.6792449,1.9201804,1.1398637,-4.8757014,-4.619785,-0.95431316,-0.2651971,1.2566621,-3.6203966,-0.7823773,0.030333122,0.9061662,0.2188049,0.5760606,-5.1430902,1.5409044,0.19419844,2.606483,1.1130906,1.859682,0.93464994,0.68623686,1.7484211,1.4070418,-3.1308563,1.5401559,1.820529,0.7527216,2.5609324,-4.068401,-1.9389602,-1.471214,0.2006336,-4.3723187
Ror1,-1.6560135,-2.3897521,-1.842224,1.9541746,-2.1908026,-0.9790191,-3.9079516,-0.4060544,1.0612304,-0.7476969,-1.5148903,-1.8290855,-1.6310155,-0.87961286,-6.846868,-1.7197738,1.8437895,-0.26670977,-0.75060964,-0.45538902,-0.5825039,-3.1233926,-0.81098354,-0.44710684,-5.774174,-2.2400744,-1.1510235,-2.98478,4.620736,0.28866655,-1.1100582,4.143985,2.3157997,-4.6424747
Rorb,1.2117431,-2.2156546,-3.1527596,-4.3360615,-3.058381,-3.8495886,-4.1215553,-2.1456106,-5.742484,-3.9416714,-1.978374,0.5075056,-2.80139,-0.16350304,-3.8679962,1.4825145,-2.6680622,2.1306295,-0.6863335,-0.086556435,-2.2758934,-1.2548324,-1.4529872,-2.3852296,3.142636,-2.3320296,-2.1563826,-7.1057997,-5.7572412,4.3741517,-2.2354822,-4.881082,-3.0276542,-3.8568249
Rprm,0.26527268,3.809423,-2.9070766,0.16793108,-1.4029783,-1.5148443,-3.1620975,-3.3762279,-1.3687592,-0.5413726,0.33275566,-1.2382768,1.0767955,-0.028204795,0.44759902,4.4895535,0.23246112,-1.4224789,-0.8871054,-2.0301046,-1.2311962,-0.3440205,-1.0052581,-0.56027013,-2.1525984,-1.9080617,-1.9250474,-9.371162,-3.7477565,-3.7318692,-1.5623779,0.6249989,-4.106029,-3.375277
Rspo1,3.2255824,-3.2821314,-1.3614562,-6.988568,-6.04533,-0.66530985,-3.8349042,-1.6454604,-2.343996,-0.5445634,0.29614362,0.30640936,1.5707477,0.93905526,-2.6047344,-4.7398667,-0.42715436,-1.406457,-0.120464794,-1.3099359,0.11163763,-1.3336841,-0.42911077,-0.8624701,-3.1792648,-2.299664,-1.560322,-3.917706,-7.5611,-3.3375723,-5.5803633,1.519414,-3.8080752,-2.2394824
Rspo2,2.6285908,1.4904716,-2.2348433,-3.2201023,-5.5306287,-0.13279131,0.4014878,-2.1538281,-5.881312,-4.028251,-2.4108715,-1.6149817,-2.540018,-1.8398105,-26.729181,-2.6670983,-6.536838,-7.3326564,-2.8979394,-0.99944484,-2.6332018,-4.9201956,-1.4035467,-1.3105597,-26.7293,-2.3939512,-2.0196128,0.22307065,-2.8279185,-4.695067,-5.6760364,-7.2615705,-3.8719106,-4.0197225
Rxfp1,1.3362254,2.3550217,-1.3263522,-4.9669867,-5.670602,2.056533,-0.9875793,-3.0984695,-4.005669,-4.4445186,-2.4928038,-2.4640038,-0.6597653,-0.44663653,-5.1398325,-1.1013919,-5.2606544,0.4318726,-1.7995236,-1.9051585,-3.0613844,1.1325635,-1.5034183,-0.2786135,-2.9204845,-1.5886123,-2.6806545,-4.228974,-5.397709,-3.7952852,-4.61906,-6.877006,-3.6753755,-1.5700591
Satb2,4.261931,1.624408,-4.938796,-4.640249,-5.736352,-3.9571857,-3.4682324,-5.4861875,-6.632299,-5.9587445,-3.2062042,-3.2227733,-4.0429792,-3.4306107,-1.4206871,-8.216036,-7.4311366,-5.2527184,-6.4113975,-6.840627,-5.2826905,-2.770594,-3.456885,-6.035968,-4.049287,-3.3576996,-5.96575,-8.1867,-4.777206,-4.4525065,-5.167944,-4.664243,-3.696962,-2.960305
Sdk2,0.06570502,2.8495493,-1.7042843,-0.9268383,0.068831936,0.031719703,-2.5126193,-0.123798646,-0.3477717,0.3728762,0.44511348,0.07908513,0.12832989,0.34862387,-3.8664093,-0.7743409,-0.57716984,0.8851638,0.20662189,-0.3214719,-1.0679508,0.90496963,0.6341054,0.74178255,-0.029472692,0.429138,0.85786164,0.53792024,-5.3727717,-0.19510397,-2.8625765,-0.08393159,-3.0393212,-4.6095304
Sema3a,1.7938478,1.2741301,0.035881095,-3.0354505,-0.3783887,-3.4522235,1.0331925,1.0380204,0.6199263,-1.2268211,0.58418703,-1.2406421,1.4210901,-0.27533835,-3.974704,-2.1933827,-3.1504648,-3.6210363,-2.269721,-2.5587423,-1.6579281,0.28891426,0.27491087,0.43811032,-5.3247967,0.22216853,1.4996729,-4.611556,-0.49741116,-3.6730742,-4.3758655,-3.9196703,-2.9342868,-4.113803
Sema3d,-2.0548303,-2.0714781,0.3638008,-5.2923574,-2.4506223,-4.7958884,-1.1893847,0.25414973,-3.7701936,-2.985678,-1.4229984,-0.70743316,-0.38344184,-0.11520025,-4.908751,-4.4362116,1.1638234,-3.9490778,0.27682632,-0.8604003,-1.4701098,0.23706459,-0.39481497,-0.19180784,-3.348097,-0.26267865,-0.79958475,-3.1744065,-1.5393738,-3.1204329,4.261607,3.5481184,-1.98933,-3.9473362
Sema3e,0.19551955,1.9911062,-0.9358332,-0.92932093,1.2297623,1.2061976,0.38747042,0.25112885,1.3285509,-4.1314745,-1.6642078,-1.0491251,-0.60875654,-1.6704127,-3.349788,-3.0963504,2.4504158,0.043234244,-0.01682469,-0.73844093,-2.3087862,-0.6831896,0.5332429,0.82315874,-2.7840283,-0.48731452,0.867136,1.1407568,-4.050968,-3.7347777,-1.1227044,-3.417258,-4.2050743,-3.9550023
Sema5b,-0.6593197,1.7951744,-0.4994181,-0.24650788,-1.2558659,0.8870565,-2.7148178,-0.58407253,1.5067741,-1.0334183,-0.9581766,-0.7670687,-0.29507792,-1.3254498,-4.964312,-3.378558,-4.373339,-1.2671602,-0.4182832,-0.110504225,0.6546662,0.23715518,0.27613184,-0.12332573,-1.5582448,0.65597105,-0.60834664,-2.024344,-2.0274394,-0.22839302,1.0240985,-0.68473256,-3.7956562,-3.6013951
Sema6a,-1.7857631,-2.1816528,1.7638828,-3.8285487,-0.13394013,0.38409013,-0.56710356,0.2904817,-1.2036504,-1.2159604,-0.12313047,0.036385532,-0.08729298,0.16592987,2.5497727,-2.3791573,0.25194988,0.9900263,0.6098314,0.71728617,-1.1170634,0.39612553,0.29932427,-0.9704621,-2.6297197,0.53415674,-0.4276271,0.6397182,0.1519941,-1.2835312,3.0326447,1.1970528,0.6080091,-4.7680645
Shisa6,0.21438566,-0.6578106,1.3333263,3.3133824,-4.095099,1.3565215,1.2335303,0.66519463,-1.3556021,2.0618665,-0.54921705,-0.37965783,0.52477944,-0.14374323,-0.74632996,-2.284409,-1.1156051,1.7819577,0.4515614,-0.9301832,1.024716,-0.19729328,0.8948974,1.198656,-2.208133,0.28838155,-0.049666997,3.382328,-4.134768,-1.2690815,-1.623917,-6.1045423,-4.326182,-3.885408
Siglech,-6.966929,-6.8737445,-4.6841016,-5.8171687,-6.092922,-6.53103,-6.4902086,-7.008039,-5.9758315,-5.1844077,-6.7300205,-7.5458746,-6.944767,-7.801377,-25.892786,-8.326126,-9.044945,-6.960488,-7.647588,-8.028652,-6.227866,-6.692238,-7.491095,-7.6554985,-5.7573543,-7.423067,-7.831012,-8.4396,-6.2806845,-3.262649,-4.370979,-5.77839,-3.2720633,12.751177
Sipa1l3,-0.5278563,-1.1993564,0.2791372,2.1195781,-0.81633943,-0.63288444,-0.32882175,0.06748363,0.19189562,0.33322516,0.20852922,0.26040477,0.12959488,0.27700487,0.3449867,0.62660784,-1.1045463,-0.46360788,0.2510763,0.30911815,-0.0016278097,0.56736,0.15403001,0.27531126,-1.8888154,0.20093426,0.44076213,2.091646,0.54856426,0.11542279,0.38385618,-1.3633537,-0.22071469,-0.10824179
Sla,-1.2769855,2.9386137,-6.3337655,-4.3099117,-4.692507,-2.0897067,-0.58969235,-1.2045227,-5.8741965,-5.966402,-3.1292846,-6.2517242,-3.0975366,-3.7780209,-25.74382,-8.672439,-8.589309,-7.1397843,-2.5444837,-4.231882,-5.581291,-5.172102,-2.8755977,-4.7313647,-1.8144888,-4.3395314,-4.5522647,3.6891022,-3.7244508,-4.5972013,-5.0850444,-25.744165,-4.427923,4.9423094
Slc13a4,-2.6046677,-2.3931625,-1.4504862,-2.476069,-1.9291604,-2.9256814,-2.9452908,-1.8877324,-1.9422444,-1.255634,-2.1685178,-2.397379,-2.0043309,-2.1610353,-22.268318,-2.4545743,-2.1114438,-2.4812617,-2.2132688,-2.151838,-1.9478894,-0.5633249,-1.841112,-1.4205508,-1.1498,-2.4739187,-1.490468,-1.9197242,-0.3250133,1.3236825,-1.8356214,-1.5302639,5.4698477,-1.3688587
Slc17a6,-0.075742714,-1.4674248,2.6503646,-4.724163,-7.1171665,-5.45125,-5.269831,-4.756107,-6.604183,-6.3460646,-3.6786876,-2.1225736,3.4872644,3.5556028,2.7331767,4.2672133,2.2627006,4.707847,4.07466,-2.4795868,1.0955924,-2.6569068,3.4972339,3.6851423,4.01141,-2.7488458,-3.5012197,-7.23388,-2.7988958,-3.721996,-2.6672876,-7.7580433,-3.6951673,-4.0097427
Slc17a7,3.8532426,2.7115068,-0.80405855,1.4862305,-5.8587484,-2.8168724,-2.614903,-5.0953226,-6.145599,-7.8957777,-6.220549,-7.6908646,-2.4090402,-9.31418,-7.909108,-13.225112,-0.34396908,-0.951807,-7.1719637,-8.162238,-10.381076,-9.073814,-2.0237062,-5.839617,-0.97944635,-9.07451,-6.971384,-6.7172523,1.0827256,-3.791115,-4.707821,-5.297224,-3.3774314,-2.671628
Slc39a12,-4.3707576,-5.6701436,-5.1974616,-6.1651864,-6.025705,-6.740483,-6.5754957,-6.259866,-5.4016957,-4.057342,-3.46734,-4.945422,-2.2083833,-3.0609205,-27.48884,-6.313855,-6.2317395,-5.1255045,-3.0621545,-2.376739,-1.5616246,-1.214623,-3.7255776,-3.0328794,-5.349101,-4.469661,-5.4557805,-6.693841,-5.1852612,8.577222,-2.955503,-4.060058,-3.0645168,-0.0015557545
Slc44a5,-0.31407076,-0.8727537,-2.8075144,2.5123887,-0.9646008,2.2695467,1.3030795,1.6800116,0.47046,0.3995318,0.99554163,1.328768,0.9075363,0.9054785,1.402892,-0.96924174,-0.90486026,-1.3999971,0.31364542,1.5238206,1.1972201,1.0123354,0.87136704,0.5288723,-6.9647098,1.6700199,1.5595862,-0.56229407,-0.50269073,-3.6563542,-1.342836,-4.845972,-1.9666252,-4.127198
Slc6a3,-3.263162,-3.1297486,-2.725511,-1.9368137,1.844491,-5.783143,-5.84606,-0.61705196,-3.7612877,-2.0073452,-0.25245583,1.5670639,-0.4754602,1.3692768,-22.43654,-1.7881958,-0.41131547,-5.5611167,-0.77336276,-0.36881113,10.26365,-1.600267,-1.4374532,-2.2227836,-22.436651,-0.2529651,-2.669743,-5.1430607,-4.949148,0.4597516,0.55374795,-2.7000127,-0.23662078,0.33845156
Slfn5,-3.6555731,-3.2888536,-3.8145828,-3.0214202,-2.7616806,-3.5021806,-3.555387,-4.0731874,-4.3255506,-3.265008,-4.030515,-3.252272,-3.8323479,-3.2062075,-3.613305,-3.2607377,-4.3850822,-3.4295325,-3.711344,-3.7461803,-3.6397345,-2.9928172,-3.6053762,-3.763454,-2.639624,-3.8192794,-3.5565138,-4.142833,-2.9043016,-2.932821,-3.3208513,-4.383491,8.114708,1.047767
Slit2,1.4018769,-1.142907,-2.3943388,-1.0371289,-2.4694445,-4.2457366,1.0704793,-0.33725578,-0.31112784,0.65822554,1.2873515,1.299467,1.5875165,2.0637546,0.6986373,3.3010893,2.874804,-2.3314645,1.1135465,1.1987593,1.398762,2.0137925,1.2762272,1.3096988,-3.1078796,1.759234,1.7942381,-4.582109,-5.78647,-1.323881,-3.159663,-2.526265,-3.1545317,-4.3189025
Sncg,-5.684071,-5.347295,-3.618818,-4.881003,-7.556609,2.1564748,-3.1374836,0.6347857,-4.1176515,-0.72952324,-1.4797008,1.6961324,1.2764115,2.3350737,-3.9363656,1.6411136,4.3821044,-1.5482551,2.829609,-0.012275965,5.231712,5.782648,2.9760985,3.6556304,-1.6840692,0.97982556,1.4889578,-6.500171,-4.1311083,-0.9965591,-2.3039596,0.16824211,2.2322943,-2.6443233
Sntb1,-3.445203,-0.10917027,-0.5774797,-3.1866658,-2.100735,-0.6691719,-1.8873918,-1.1631311,0.5869243,0.78194,-0.030678617,0.001369244,0.069556184,-0.21050273,-3.028983,-2.6001713,-1.0911533,3.0498595,0.35211346,-0.06318976,1.9168143,-1.7365638,0.5391731,1.7487352,-1.01001,-1.1148837,-1.086753,-4.9680543,-2.5798762,2.0419586,-3.7567265,7.361786,3.1649196,-3.3877647
Sorcs3,1.4634593,-1.0395521,-1.1136242,-2.19197,-2.2876635,1.7805399,-1.9821448,0.5069167,0.3183705,0.4014709,0.9142823,0.39710975,1.0851934,1.1185234,-3.8583808,-0.80401176,-0.8541612,0.107054174,0.33204648,0.02421861,-0.07102686,2.045289,0.8319114,0.11960462,-5.0990143,0.52443653,0.5284993,1.6909795,-4.256879,-4.7605324,-0.1830193,-2.4678216,-4.9434805,-4.4068613
Sox10,-7.190929,-6.3773675,-5.4037476,-6.3696437,-6.23878,-7.05845,-6.1163816,-5.6753364,-6.1753654,-5.705147,-5.751884,-5.4040885,-5.7379804,-5.5077214,-6.0994496,-5.3822575,-5.3338304,-4.9848905,-5.1473894,-5.089366,-4.9235506,-4.59833,-4.7951636,-4.6466017,-4.6222363,-4.801332,-4.6851163,-7.9986806,-5.548453,-3.5812368,9.396659,3.5356767,-3.6530538,-3.3239312
Sox11,0.2855727,0.5458176,-1.3288238,1.1383439,0.8462834,-0.2530069,-0.7466031,0.36257368,0.8561231,0.96319336,1.2457938,1.035895,1.3006462,0.98400635,1.5431266,0.6698994,-0.7939494,0.74831367,0.52777916,0.97063,0.26762995,0.5410452,0.096829444,0.0303453,-3.9227686,0.09991738,0.1086388,-0.013557112,-3.111465,-1.2510775,-1.5274218,-2.4474998,-4.3936706,-3.9078424
Sox17,-6.555092,-6.531284,-4.424558,-5.8470078,-5.6267567,-6.2371316,-5.8339987,-6.18218,-5.836097,-4.530521,-6.279192,-7.390591,-6.5243664,-7.569717,-24.502024,-6.8311253,-8.061884,-6.842788,-6.4302144,-6.656242,-5.7408423,-3.8684654,-5.576047,-6.427241,-24.502136,-5.135602,-6.463491,-7.2793417,-5.9316044,-2.604112,-3.812346,-24.502363,9.93488,-2.449952
Spag16,-0.22532618,0.3759634,-2.2021368,-2.469557,-1.142551,-2.0434265,-1.741243,-0.3251997,-0.73123646,2.5318143,0.5964794,1.8818121,0.7807215,2.0682108,6.8279576,-0.6988461,0.9976107,-1.7474291,-0.46517107,-1.0880101,1.5691332,0.45401162,0.37010926,0.1105621,-0.9105427,-0.5693414,-0.3937238,-2.2678862,-1.5101221,1.9605699,-2.0009284,-0.8956613,-2.7162502,-2.4980867
Spi1,-6.6474447,-6.4050107,-5.437091,-6.3072777,-6.3642344,-6.87791,-6.954394,-7.6969376,-6.383658,-5.8064876,-6.7067404,-7.2563157,-6.5019436,-6.925773,-4.188697,-7.4558964,-7.2667594,-6.0308847,-7.4783716,-7.742758,-6.978023,-6.315212,-7.150764,-8.283329,-24.995716,-6.7284455,-7.4904485,-6.94059,-5.6573277,-3.550376,-4.8980155,-6.006805,-3.6520033,11.877497
Spp1,-3.8136306,-4.1324263,2.9617803,-5.5571485,-1.9168537,-5.035331,1.3341264,-3.1213357,-2.0899332,0.49240667,-2.7068806,-0.7738846,-0.37900785,-2.1657681,-22.976183,-1.5233966,-2.7483437,0.8755691,-0.4319733,-0.67472416,-0.3295034,0.70923394,4.5888896,1.1267146,-22.976295,0.11996061,0.60742754,-1.7550722,-2.4191012,-1.0275027,-1.0675155,-1.2398716,4.588211,0.048334192
Sst,-1.2439582,-0.95121336,-1.3973732,-2.1792529,-3.6395586,-0.9871575,5.851836,3.9563723,-1.9900421,1.1327429,1.0326251,1.7189703,-0.5693856,-0.0027108311,-2.0013938,-3.0478418,-1.706105,-3.4744291,0.57653487,0.61886287,-2.2434232,0.26896456,0.49350023,1.4957446,-1.5380495,0.04346108,0.8575182,-5.44578,-5.264241,-1.4468318,-2.013114,-3.6250408,-1.4267255,-0.6968973
Stard5,-2.5635226,1.1413758,1.161579,1.2357059,-2.7422757,-1.3698922,0.02095827,0.683572,1.0184116,-3.3814995,-1.1706578,-0.42751893,-1.295158,-0.4855922,-2.1038551,-0.6718187,-1.888369,0.35028633,0.48670462,0.28766787,-2.2147486,-0.35939527,1.004615,0.37734893,1.5161829,0.543883,0.7252807,2.4936972,2.3482041,0.570617,-0.5064578,-1.1814218,-0.7186105,0.24671087
Strip2,0.21499872,-0.001977409,0.3982854,-2.4231865,-0.2227478,-0.5584919,-1.8802524,-0.5295366,3.5832317,0.98925644,0.1867021,-0.16229205,-0.88497293,0.37390092,-1.0416753,2.5283525,-0.9543555,1.3560586,0.54608035,0.080649614,-0.2917081,1.9011595,-0.2788914,-0.009100567,-0.57782996,0.0063174535,0.16928968,-1.2716639,0.5940315,-1.6864924,-3.514416,0.09813923,-3.5249362,-3.1402795
Syndig1,1.6647735,-0.7962269,-5.291235,0.008410195,-1.4509258,-1.4452922,-0.3964756,0.53246516,1.2623675,-0.9646248,-0.10866768,0.09776781,-0.14424375,0.13795526,0.54226094,0.684556,-2.0040553,1.2809144,0.39247966,0.34922928,-3.112187,-2.11721,0.589606,0.3389438,-4.9015965,0.45123193,-0.0773043,2.418152,0.23342362,-2.417316,-3.7125645,-3.6798997,-5.321312,-4.922037
Syt17,2.057422,-3.4678023,-2.8343995,2.3180163,-1.9074022,-0.097539954,-0.137457,0.49545792,-5.045722,-2.0268435,-0.8681957,0.38635096,0.4529343,0.3571683,-2.890644,-4.1793942,1.4795076,0.59975296,-0.005540281,-0.20715077,2.3050485,0.23426677,-0.106515914,0.14032668,-3.5696762,0.98883665,0.5572547,-0.14250602,-5.898544,-1.6784699,-3.1903517,-5.3363986,-3.630949,-2.989397
Syt2,-2.4866436,-3.3283494,-3.885502,-4.219489,-4.213121,-3.0192025,1.1082051,0.25951737,0.55040693,-3.6348963,-1.3641887,0.61735135,-0.22362238,-0.057711914,-4.779195,-2.4696,-0.37625948,-1.2937407,1.9784282,1.4629301,-0.6279591,0.21591933,1.5548354,2.6142042,0.91855615,0.92687243,2.2720797,4.758054,4.1924458,-2.3225074,-2.8194842,-5.672303,-3.0166733,-3.3254967
Syt6,-4.650193,2.7873666,-2.6697521,-5.942741,3.7372499,0.12362527,-2.2941675,0.60131174,3.2163708,-0.50854313,-0.02988669,0.734247,-1.3127502,0.61310256,-3.01184,-1.9737535,3.2222302,-5.308995,1.070617,0.28542086,-0.8681263,-0.30146626,0.67553896,1.112016,0.2172553,-0.6978497,1.3605608,-5.7630367,-0.36479616,-4.364791,-2.1492126,-1.566172,-4.496523,-2.7316172
Tacr1,-1.5394421,-3.4637725,-1.3945686,-2.564317,2.6341634,-3.1621099,0.38508177,4.3987846,0.3905293,0.3973513,2.013712,1.4240993,2.277838,1.5923249,-2.3017538,-1.768644,4.0890217,-1.3789608,2.8515995,1.3377032,0.7134886,2.4716265,2.2619448,2.1926923,-2.8907366,0.5203784,0.7223938,-6.3009367,-5.2664566,-3.4175212,-3.563174,-2.610559,-4.3495545,-4.0721445
Tanc1,-0.7211303,-2.946783,-2.5160077,2.9521952,-3.9235113,-3.353539,-2.4508817,-1.8020549,-2.3105404,-1.2770312,-2.5748732,-2.05813,-3.399613,-2.6194777,-5.615243,2.4758673,-1.3700807,2.420689,-2.3491364,-2.3718045,-3.0395029,-2.3680775,-0.2011118,-0.8893685,-3.001116,-2.5133326,-0.7822591,-3.0073547,1.3244368,-1.5264992,2.4018576,-1.066496,1.2889124,-3.636389
Th,-6.055877,-5.915671,-1.4844843,-8.257132,4.7720366,-3.9198787,1.2997928,1.83737,-1.5487988,-2.9044979,0.50099486,2.7782016,-2.1977313,0.86424905,2.2077978,-2.6060972,0.8075688,-5.0762086,-0.33049926,-0.28871208,7.872444,-1.5354105,1.2397606,3.4396515,-1.3307487,1.2885743,-0.6445603,-5.393908,-5.3485684,-2.266154,-2.5140104,0.026028031,-2.6281078,-2.345652
Thsd7a,-0.6964521,-4.9509597,0.27118787,2.020074,-1.5549902,0.6341453,0.9925577,0.19621556,1.7059206,-0.9804325,0.23495604,0.071852885,-0.6956832,0.017153785,2.804504,0.95421606,2.5726948,1.4187849,1.1393837,1.2419813,0.70649886,0.5263358,0.5626999,0.76531947,-3.904632,1.2523268,0.9494147,1.3071631,-4.6259995,-0.37144795,0.9423387,-3.4686975,-1.8873513,-4.1335907
Tle4,-1.7845165,2.8577766,-0.039497644,0.018846381,-0.92872506,-2.463527,-1.073354,-0.95487136,1.0868205,0.2584601,0.4087976,0.14293237,0.40676224,0.28170127,0.35136354,0.776883,-0.5771126,-1.5541755,-0.3863775,0.1628931,-0.80839765,0.58684057,0.013204292,0.18921651,1.3188212,-0.09106574,0.02079586,-0.41805947,-1.2264929,1.5964428,-0.29252028,0.050578658,-1.1832612,0.8260798
Tmem132d,1.6857964,0.48779562,-0.34387597,-4.8847547,-5.133108,-2.152108,0.21342768,-0.046512693,-0.38684443,0.14665551,0.6869469,-0.626086,0.5404175,0.22928613,-2.886538,-0.64690113,-4.369804,-1.099548,-1.2416031,-0.7133392,-1.5661917,-1.299734,-0.925012,-0.17597954,-4.1998477,-0.8673988,-0.4906383,-7.7939553,-5.5660744,-5.117205,1.1333542,-6.2472644,-5.232065,-4.7495184
Tmem163,-1.5482498,-1.1201832,3.7785444,-5.6323047,-4.975131,-3.4244032,-5.206147,-3.4698243,-4.6016335,0.5072112,-1.3031539,-1.176479,2.021877,2.2609448,-2.4748266,3.0640395,1.9050462,2.4140577,2.4557378,-1.0915418,0.712091,1.8298534,1.5868988,1.9457989,-3.789035,-0.55601746,-2.5946324,-3.7984636,3.8008246,-4.857099,1.4420468,-2.68383,-4.6874065,-4.517095
Tmem255a,-1.0647515,-2.6617384,1.0838133,-1.2521657,0.8745974,-1.2104897,-0.30593333,1.110307,-0.037041496,2.4105356,2.1944594,2.888547,2.0001178,2.9130945,4.51418,2.8818073,0.891953,-0.4819683,1.9322248,1.2650212,3.4785366,2.5057235,1.7541682,1.9962658,-2.8456175,1.1958532,1.9042075,-3.9526734,-4.713612,-2.091049,-0.5597186,-3.2308335,-3.8813217,-3.7307978
Tox,0.090497896,1.0849774,-3.5617766,-4.0455756,-1.3048613,-1.4471892,-0.33149886,1.111252,-1.1595671,0.6904628,-0.14675169,0.5640411,-0.6898449,0.78235054,-0.79312056,2.0573153,-1.4789969,1.8352593,0.0739282,0.07632137,-0.1652438,2.4156187,-0.16670172,0.22026223,-3.5160635,-0.41274783,-0.36894175,-8.806437,-7.4307327,1.9828287,-0.7884354,0.5606613,-4.8541284,-4.196491
Trbc2,0.8851534,4.438229,-5.2664456,-8.878599,-7.858189,-2.935976,-1.5828376,-3.2623534,-7.1208634,-3.550439,-3.3302815,-2.089221,-2.6039376,-1.5151349,-27.174446,-6.971605,-2.8097987,-0.9246659,-2.1364036,-1.3386153,-4.4119296,-3.4414384,-3.1500046,-3.1559002,-2.7128885,-2.745526,-3.7326055,-10.056345,-10.594761,-5.146395,-5.829643,-5.2739644,-4.794596,-3.222647
Trem2,-3.440194,-4.5788846,-4.0737886,-5.2178802,-4.9785266,-5.613464,-5.066835,-5.6394725,-5.210236,-4.3396544,-5.723092,-7.08364,-5.4961243,-7.05065,-25.628973,-8.330565,-7.2754226,-7.106132,-7.293485,-7.5664024,-4.6366377,-5.9531846,-5.8563843,-6.935878,-25.629087,-6.782397,-7.439429,-8.177135,-5.982357,-2.3060002,-3.5420237,-4.1216264,-2.4288213,10.604492
Trp73,-1.0382476,-1.2806139,8.618694,-0.8004101,-3.0343866,-3.1439128,-3.4463327,-2.6224694,-2.8083231,-2.0577004,-2.6505911,-2.0647826,2.570539,-1.9269395,-2.0398715,-3.2250993,-1.897296,2.167051,-2.8888972,-3.090367,-5.2125597,-1.7718548,-1.9939737,-2.043814,-0.74939096,-3.21759,-2.1638472,0.08646277,3.2982209,0.48849005,-3.046603,-2.1287894,-3.1613555,-2.7351568
Trpc4,0.6849039,-1.0786021,-0.2783363,1.6681033,1.3781662,1.2838502,1.4518553,1.1827755,-1.0360788,4.4838047,1.7844306,0.62575775,0.9086516,0.21986604,1.8517163,-1.0474732,0.7107989,-2.4450295,-0.49443313,-0.06697612,0.35853755,-0.20845993,0.14878137,-0.20187716,-3.8669868,0.32745746,-0.5812918,-3.961858,-5.267766,-4.400469,-4.8483453,-3.8480601,0.24779771,-3.927548
Unc13c,-2.2713327,-2.5093527,-1.1350745,-3.8192625,-2.7237933,-5.2083416,0.07908777,-1.3452239,2.1733818,-3.1074567,0.2852055,0.18571414,1.9762039,0.65817684,0.2788424,3.690704,-0.9740196,0.30555993,1.7234839,1.9222606,-0.102056265,-0.059934326,2.0286052,2.091015,-4.5300007,1.3155507,0.6367288,2.2067854,3.983391,0.31445375,-0.24740615,-1.3448697,0.19681768,-3.4701183
Vat1l,-0.9707227,-3.7236035,-2.4106743,-4.8773346,-2.5482118,-0.51181716,-0.26303023,1.5437152,1.7740707,2.1212773,2.5713625,2.6637478,2.0070596,2.8745158,0.8704697,2.2839446,2.6560144,-0.5982898,2.1099548,1.6467819,2.2404995,2.5564656,2.54719,2.526048,-2.479877,1.9021875,1.7679889,-2.072436,1.9006423,-3.7073326,-1.3385253,1.6147772,-4.311555,-4.108156
Vip,-0.89624536,-0.77823454,-1.3900752,-2.3063748,-1.2947712,6.9438515,-0.7084229,-2.2258022,-4.48057,-5.618246,-3.0794456,-2.1266983,-2.071649,-4.2265434,-26.29214,-5.7286158,-9.657674,-9.001801,-1.5400249,-3.0599823,3.1202366,-3.0828,-2.6027043,-1.9448653,-2.328273,-0.3841533,-3.4781787,-8.806806,-9.467242,-2.4332647,-3.3309965,-3.252777,-2.1602488,-1.2050599
Vwc2l,-0.21045938,1.1826942,-2.5764203,-5.9680295,-2.9322326,0.78836673,-1.9148084,2.3337753,0.38892704,-2.7409742,1.4099495,1.3693631,1.5374362,1.9522046,-1.2393957,-0.7494114,-1.4931574,1.8673116,1.7263783,1.1525538,2.704532,2.3844225,2.1372619,2.17283,-4.35391,1.5609645,0.70093125,-5.53614,-1.9771117,-3.4109454,-3.5736456,-4.1070466,-3.4087741,-3.2964642
Wfs1,0.9313553,-1.6868877,-0.6850158,-1.6275276,-1.9281118,-3.0548527,-2.025602,-1.0888454,2.3872578,0.9464895,1.6312245,0.7483419,0.7395397,0.4392788,0.93847245,-0.7138628,-1.394204,-0.39771006,-0.72693574,-1.4656842,-1.1305206,-0.18012415,-0.85645795,-0.9104063,0.027302604,-1.5900888,-1.3602304,-0.066025674,-2.669806,1.0668627,-1.6031492,-1.2661582,-1.3106929,-1.9228451
Zfp366,-5.8544335,-4.976737,-1.2953053,-5.0308466,-5.3415446,-5.645259,-5.651184,-5.711572,-5.146938,-4.5298457,-5.364488,-4.8920035,-4.0947843,-2.9154162,-4.7501,-2.455238,-5.515358,-6.204303,-4.925523,-4.813996,-4.7467365,-4.604423,-4.288619,-3.5961783,-4.4381595,-3.599612,-4.7501774,-6.364199,-5.0654025,-3.1899145,-2.7072327,-2.116216,9.57109,-2.8341892
Zfp536,-3.3324187,-5.454635,0.28605303,0.16318293,-2.6745756,2.8525186,1.1354833,0.737396,-3.1838522,-0.93300444,-2.1778276,-0.7588216,-1.5614319,-0.32721373,-5.586281,-1.2168463,0.18807548,-3.1683962,-0.8484079,-0.22958711,-1.9045156,0.9239771,1.127018,-0.21537969,2.3603685,2.0065217,1.1686362,1.792162,1.7297267,-3.5069873,4.6550727,0.89886487,-3.2264643,-3.8057775
Zfpm2,-1.4458934,2.3698323,-1.9064124,2.762009,-2.4846709,-2.30949,-1.6423107,-2.0404968,-3.3675306,-0.9380692,-0.69611776,-0.035878085,-1.4211891,-1.1005827,-3.3918736,-0.025379682,-5.7783937,-2.5222592,-0.7651188,2.0881662,-3.2152796,-2.7973342,-0.2881308,-0.46713266,-4.0843673,1.1619945,-0.50965375,3.3282404,2.8622656,1.7881229,-0.46932778,-1.5055789,-3.9643133,-4.5121093
